datetime,Global_active_power,Global_reactive_power,Voltage,Global_intensity,Sub_metering_1,Sub_metering_2,Sub_metering_3,Sub_metering_4
2006/12/16,1209.176,34.922,93552.53,5180.8,0,546,4926,14680.934
2006/12/17,3390.46,226.006,345725.3,14398.6,2033,4187,13341,36946.668
2006/12/18,2203.826,161.792,347373.62,9247.2,1063,2621,14018,19028.434
2006/12/19,1666.194,150.942,348479,7094,839,7602,6197,13131.9
2006/12/20,2225.748,160.998,348923.62,9313,0,2648,14063,20384.8
2006/12/21,1716.624,144.166,346616.3,7238.6,1765,2623,10421,13801.4
2006/12/22,2341.338,186.906,347305.75,9897,3151,350,11131,24390.3
2006/12/23,4773.386,221.47,345795.94,20200.4,2669,425,14726,61736.434
2006/12/24,2550.012,149.9,348029.9,11002.2,1703,5082,6891,28824.2
2006/12/25,2743.12,240.28,350495.9,11450.2,6620,1962,5795,31341.666
2006/12/26,3934.11,165.102,347940.62,16341,1086,2533,14979,46970.5
2006/12/27,1528.76,178.90201,351025,6505.2,0,314,6976,18189.334
2006/12/28,2072.638,208.876,350306.4,8764.2,2207,4419,9176,18741.967
2006/12/29,3174.392,196.394,346854.7,13350.8,1252,5162,11329,35163.535
2006/12/30,2789.302,311.928,345897.5,11924.2,3072,7891,12480,23045.367
2006/12/31,3494.196,150.852,345451.06,14687.4,0,347,6502,51387.6
2007/1/1,2749.004,148.166,345785.72,11400.4,0,352,5880,39584.734
2007/1/2,1269.236,190.342,348399.03,5348.2,0,348,6562,14243.934
2007/1/3,1014.054,196.728,350722.22,4340.2,0,344,4765,11791.9
2007/1/4,3259.412,202.302,345240.44,13648.6,1051,7597,10896,34779.535
2007/1/5,2713.364,173.154,346313.9,11354.6,1483,379,7602,35758.734
2007/1/6,1508.378,192.188,345129.2,6543.2,1336,402,5678,17723.633
2007/1/7,2447.62,246.074,346899.6,10487,1987,8177,12810,17819.666
2007/1/8,2241.36,207.568,344990.8,9434.4,0,467,17547,19342
2007/1/9,1869.054,207.248,346302.03,7950.4,1688,4267,9790,15405.9
2007/1/10,2154.8,228.452,347079.53,9155.2,771,4456,11012,19674.334
2007/1/11,2255.194,230.02,347264.2,9588,1378,2170,12415,21623.566
2007/1/12,1461.296,199.14,347815.03,6205.2,0,439,8276,15639.934
2007/1/13,3186.814,290.736,344568.4,13612.4,7806,2975,11341,30991.566
2007/1/14,3007.816,227.12,343664.62,12905.4,1777,4215,12975,31163.268
2007/1/15,2148.678,174.86,347386.9,9016.6,1099,2239,15163,17310.3
2007/1/16,1686.404,185.428,348400.44,7165.4,2063,644,6583,18816.732
2007/1/17,2847.688,200.752,347047.56,11928.8,3500,5737,16064,22160.467
2007/1/18,1821.462,177.712,346886.78,7693.2,0,336,13491,16530.7
2007/1/19,1480.44,170.052,345831.75,6301.8,2103,330,7172,15069
2007/1/20,3133.732,238.362,343969.16,13461.2,4324,5222,11440,31242.867
2007/1/21,3407.262,229.73601,344114.1,14674.6,10346,5567,11599,29275.7
2007/1/22,2180.494,168.642,347908.5,9151.6,1054,2983,11361,20943.566
2007/1/23,1777.64,138.28,349578.1,7575.6,0,1064,5061,23502.334
2007/1/24,2987.854,178.06,347699.1,12576.4,3464,2480,11744,32109.566
2007/1/25,1596.344,144.16,350531.1,6666.2,1158,262,11239,13946.733
2007/1/26,1617.972,142.902,349591.38,6798.8,1163,261,8238,17304.2
2007/1/27,2044.072,148.242,347927.88,8567.8,1170,3896,12374,16627.867
2007/1/28,3090.204,153.352,345798.6,13143.4,3466,3997,12045,31995.4
2007/1/29,1982.664,165.696,346938.62,8336,1123,294,15254,16373.4
2007/1/30,1707.798,180.934,348250.88,7240.6,1123,1424,8149,17767.3
2007/1/31,2363.752,185.988,345486.44,9970,0,5950,15052,18393.867
2007/2/1,1824.76,150.264,346164.7,7678.8,1170,386,13145,15711.667
2007/2/2,1667.736,139.542,346081.53,7014,0,356,11338,16101.6
2007/2/3,4029.722,245.824,344030.7,17015,4746,4573,17834,40009.035
2007/2/4,3595.94,186.494,345072,15214.2,3391,4597,14472,37472.332
2007/2/5,1645.28,147.228,346766.84,6941.4,896,2564,7849,16112.333
2007/2/6,1273.48,142.566,347420.38,5431.6,1185,405,4517,15117.667
2007/2/7,2328.018,177.70801,347255.56,9780,3299,3513,11986,20002.3
2007/2/8,1801.4141,138.896,348188.12,7557.6,2226,366,10157,17274.566
2007/2/9,1620.198,158.066,348106.25,6807.2,0,3045,9770,14188.3
2007/2/10,2829.328,192.974,345653.03,11957.4,5071,2831,14405,24848.467
2007/2/11,3571.228,204.314,344888.84,15158.6,2430,4765,13114,39211.465
2007/2/12,1877.61,136.704,345741.84,7925,2227,399,11517,17150.5
2007/2/13,1414.546,134.678,347280.28,5967,0,2828,6256,14491.767
2007/2/14,2498.672,202.506,346140.56,10533.8,3295,3793,11579,22977.533
2007/2/15,1985.346,165.964,346563.7,8381.2,0,2363,14028,16698.1
2007/2/16,1702.528,151.686,346782.16,7267,1148,859,8689,17679.467
2007/2/17,2076.912,238.968,344615.1,8826,1765,2226,7157,23467.2
2007/2/18,3829.762,255.522,344405.97,16184,6107,8003,13129,36590.367
2007/2/19,2186.614,176.584,345297,9276.8,1634,2900,13085,18824.566
2007/2/20,3149.928,187.158,345406.25,13202.6,2058,5191,9713,35536.8
2007/2/21,2072.874,189.87,346263.78,8747.2,3527,2332,11548,17140.9
2007/2/22,3369.478,137.954,343140.66,14194.2,1409,4129,12251,38368.965
2007/2/23,1313.48,149.344,346587.78,5508.6,0,503,10786,10602.333
2007/2/24,714.922,122.202,345402.88,3003.6,0,363,3562,7990.3667
2007/2/25,501.74,113.736,348021.44,2105.6,0,329,1660,6373.3335
2007/2/26,568.484,108.28,347433.97,2388.8,0,331,2830,6313.7334
2007/2/27,518.112,113.204,349839.75,2195.4,0,314,1924,6397.2
2007/2/28,520.774,113.372,348709.8,2201,0,340,1973,6366.567
2007/3/1,517.564,107.628,347502.8,2172.8,0,316,1980,6330.067
2007/3/2,515.688,107.008,346451.9,2169.8,0,340,1969,6285.8
2007/3/3,819.122,134.992,347454.84,3457.6,0,347,4597,8708.033
2007/3/4,2090.7,175.682,345642.9,8867.8,1476,8711,9408,15250
2007/3/5,2660.332,205.956,345644.5,11290,5727,12109,10026,16476.867
2007/3/6,1246.5,186.148,347022.8,5321.8,0,1740,4700,14335
2007/3/7,2375.206,171.2,346065.94,9986.4,1076,4761,15513,18236.768
2007/3/8,1572.132,187.404,346558.22,6717.8,2180,3385,6655,13982.2
2007/3/9,1272.6119,119.238,346879.38,5373,1093,345,8631,11141.2
2007/3/10,2484.712,243.528,345316.1,10572.4,4130,5422,10979,20880.867
2007/3/11,3480.636,173.37401,345610.5,14575,4810,3420,9500,40280.6
2007/3/12,1950.668,134.422,346404.56,8249,1403,2841,12353,15914.134
2007/3/13,1290.144,126.718,346893.06,5480.2,1350,3859,5323,10970.4
2007/3/14,1793.364,157.522,346719.3,7585.2,3485,480,8607,17317.4
2007/3/15,1884.814,159.326,346003.9,7953.4,0,3263,11036,17114.566
2007/3/16,1702.054,130.20801,344919.06,7189,1106,4604,5370,17287.566
2007/3/17,2028.09,127.068,343043.5,8562.4,2208,359,12275,18959.5
2007/3/18,2371.046,241.45,347108.88,10091.4,6564,7369,5856,19728.434
2007/3/19,2152.518,144.764,346315.8,9046,1648,2686,14118,17423.3
2007/3/20,2086.228,164.87,346774.53,8857.8,3745,2837,11255,16933.467
2007/3/21,2142.092,142.83,347020.78,8981.6,1865,4133,12335,17368.533
2007/3/22,1454.978,113.826,348139.47,6081.2,353,736,10462,12698.634
2007/3/23,1309.008,119.488,347969.5,5477.4,1127,777,8369,11543.8
2007/3/24,2968.43,191.024,345174.44,12532.8,3707,5797,16382,23587.834
2007/3/25,3336.124,235.972,345407.12,13990.4,4630,3600,9358,38014.066
2007/3/26,1416.082,160.966,347525,6023.6,1088,344,9096,13073.366
2007/3/27,1105.14,151.726,346466.84,4747,0,3019,3697,11703
2007/3/28,2333.898,196.518,346240.25,9870.6,1122,8527,13888,15361.3
2007/3/29,1590.406,198.696,346372.84,6734.6,1162,460,10724,14160.767
2007/3/30,1402.394,181.128,347096.5,6033,1094,468,8217,13594.233
2007/3/31,3509.51,231.504,344535.5,14781.2,2620,7707,17682,30482.834
2007/4/1,2785.952,202.552,345635.25,11735.2,4629,5401,19509,16893.533
2007/4/2,1960.778,174.336,346262.56,8226.2,1755,970,16641,13313.634
2007/4/3,1642.82,168.76,346327.12,6978.6,3630,1042,7637,15071.333
2007/4/4,2051.868,172.318,346077.78,8620.2,3434,420,14748,15595.8
2007/4/5,1844.078,244.538,347289.28,7907.8,1086,4277,10523,14848.634
2007/4/6,1601.14,143.214,347305.62,6751.6,0,5466,9166,12053.667
2007/4/7,1553.924,138.73,346145.16,6573,1127,3111,5923,15737.733
2007/4/8,1608.816,135.882,346102.8,6796.6,0,485,3545,22783.6
2007/4/9,1000.92,160.11,346392.7,4283.4,2667,514,3801,9700
2007/4/10,777.364,148.94,346771.72,3380.2,209,742,2572,9433.066
2007/4/11,887.482,192.446,347262.94,3771,0,1112,6421,7258.3667
2007/4/12,537.706,147.812,345968.72,2301,0,541,1818,6602.7666
2007/4/13,551.022,151.64,345672.7,2366.4,0,558,1988,6637.7
2007/4/14,554.268,155.61,346050.94,2378,0,578,2008,6651.8
2007/4/15,726.164,171.544,345940.84,3148.6,0,1026,2893,8183.7334
2007/4/16,952.39,186.074,346546.28,4136.4,952,1305,4656,8960.167
2007/4/17,1223.734,218.354,345881.75,5314.8,1532,389,6199,12275.566
2007/4/18,998.246,165.224,345811.38,4313.4,1579,355,3430,11273.434
2007/4/19,1028.658,149.66,346218.97,4400.4,733,1605,5748,9058.3
2007/4/20,822.58,145.646,345791.38,3592.6,1069,360,3499,8781.667
2007/4/21,1673.656,212.658,344467.06,7251.4,6575,463,11129,9727.267
2007/4/22,2233.714,267.194,345036.78,9631.4,4264,2287,11102,19575.566
2007/4/23,1054.566,135.64,341619.34,4700.4,1402,506,6005,9663.1
2007/4/24,1032.1,135.264,338896.7,4528.6,1125,527,6680,8869.667
2007/4/25,1264.162,164.73601,338315.2,5555.6,0,1469,8812,10788.366
2007/4/26,1275.466,163.606,338093.72,5650.2,1324,1845,7163,10925.767
2007/4/27,1094.332,161.928,338711.28,4770,1772,545,4756,11165.866
2007/4/28,22.738,2.86,4913.71,97.4,0,18,0,360.96667
2007/4/29,0,0,0,0,0,0,0,0
2007/4/30,420.822,71.718,135285.14,1865.8,1214,500,1131,4168.7
2007/5/1,1663.858,181.608,337937.34,7305.6,4005,995,8546,14184.967
2007/5/2,1003.486,160.092,339238.2,4523.8,7,1490,3754,11473.767
2007/5/3,1090.238,150.942,338594.25,4763,1906,1725,7836,6703.6333
2007/5/4,998.128,174.74,339422.7,4432.4,2259,538,3990,9848.467
2007/5/5,1563.052,174.102,338450.44,6820,2913,2493,11303,9341.866
2007/5/6,2102.104,182.336,337549.9,9229,3215,949,10095,20776.066
2007/5/7,1643.664,168.918,337733.25,7172.6,946,4935,9433,12080.4
2007/5/8,1789.292,181.612,338264.97,7713.2,4581,2011,8777,14452.533
2007/5/9,1665.736,183.484,338218.16,7280.8,3018,5631,9474,9639.267
2007/5/10,707.884,168.314,339546.62,3177.8,946,534,3261,7057.067
2007/5/11,979.154,132.096,338730.84,4359.8,926,491,6471,8431.233
2007/5/12,1441.566,209.172,338000.97,6279.2,2247,1075,10408,10296.1
2007/5/13,1634.738,220.67,339420.53,7155.6,3612,2414,8958,12261.634
2007/5/14,1467.782,298.552,339393.7,6586.8,3176,2417,5517,13353.033
2007/5/15,904.392,111.182,339281.28,3936,0,408,5318,9347.2
2007/5/16,1692.944,135.894,338775.56,7303.4,2213,5756,9077,11169.733
2007/5/17,1231.816,131.188,339650.6,5358.2,1014,2073,7687,9756.267
2007/5/18,1631.53,171.258,339832.22,7022.4,3270,3913,8116,11893.167
2007/5/19,1429.442,167.858,338320.4,6219.8,4683,530,7022,11589.033
2007/5/20,1968.328,187.532,338901.28,8555.8,5420,1733,7611,18041.467
2007/5/21,1120.062,117.28,337956.34,4807.6,0,468,9060,9139.7
2007/5/22,1132.852,128.916,339092.03,4895.8,931,3966,3984,9999.866
2007/5/23,1464.936,165.878,338130,6332.4,956,3792,8119,11548.6
2007/5/24,1154.3881,135.56,339186.34,4985.4,955,4116,4746,9422.8
2007/5/25,1614.22,174.588,337603.97,7003.4,8060,586,6539,11718.667
2007/5/26,1512.248,174.24,338500.62,6570.4,2373,2754,8628,11449.134
2007/5/27,2153.808,219.894,338268.16,9369.4,4366,5534,10444,15552.8
2007/5/28,1637.468,151.1,338265.47,7087.6,4554,473,9586,12678.134
2007/5/29,1061.34,113.244,339399.88,4618.4,0,1907,4332,11450
2007/5/30,1609.866,147.058,338157.22,6953,2250,5948,7804,10829.1
2007/5/31,938.55,129.586,338539,4020.2,935,477,3552,10678.5
2007/6/1,1044.918,143.182,338630.25,4512.2,0,483,7664,9268.3
2007/6/2,1484.362,166.108,337635.4,6442.6,3971,1250,7633,11885.366
2007/6/3,2108.026,182.45801,338057.8,9148.2,4985,7529,8334,14285.767
2007/6/4,911.618,223.192,338037.22,4064,1585,836,4533,8239.634
2007/6/5,1458.892,255.692,337957.6,6429.8,4484,1027,6448,12355.867
2007/6/6,1693.6381,231.06,337620.53,7351.6,3329,829,11663,12406.3
2007/6/7,985.002,172.334,337649.47,4294.6,985,699,3959,10773.7
2007/6/8,2148.046,229.732,340124.3,9285.4,2799,11440,11380,10181.767
2007/6/9,1059.814,226.656,337469.06,4565.2,852,596,6590,9625.566
2007/6/10,1340.812,239.092,346815.78,5768.2,4202,1924,5983,10237.866
2007/6/11,794.654,194.634,346833.72,3481.8,0,487,5328,7429.2334
2007/6/12,918.766,216.416,345923.84,4116.4,1882,475,3898,9057.767
2007/6/13,927.272,208.26,346172.56,4057.2,957,857,5216,8424.533
2007/6/14,1259.084,231.696,345380.8,5448,3322,2147,7054,8461.733
2007/6/15,989.604,251.762,346268.72,4415.4,2269,4011,4547,5666.4
2007/6/16,2017.762,307.558,344882.44,8604,3289,4498,11108,14734.366
2007/6/17,1947.09,239.814,345915.62,8307.8,4124,5038,8734,14555.5
2007/6/18,678.474,180.81,346717.72,2993.4,0,529,4241,6537.9
2007/6/19,842.36,187.98601,345507.2,3682.4,973,535,4357,8174.3335
2007/6/20,1074.286,227.302,345824.88,4761.8,1761,2588,5106,8449.767
2007/6/21,806.946,222.546,346427.9,3601.2,932,2400,3711,6406.1
2007/6/22,566.294,208.526,346803.3,2602.6,0,951,3482,5005.2334
2007/6/23,477.566,193.12,346059.3,2211.4,0,786,2402,4771.4336
2007/6/24,714.656,179.362,347230.38,3179,0,791,3449,7670.933
2007/6/25,1072.202,197.27,346208.06,4680,1985,3621,4816,7448.033
2007/6/26,944.908,182.42,345736.1,4143,971,1334,5231,8212.467
2007/6/27,1480.826,206.998,345252.12,6378,2603,6451,7270,8356.434
2007/6/28,1295.438,217.446,344770.1,5601,0,4368,9541,7681.6333
2007/6/29,1304.198,206.194,345622.34,5673.2,4363,667,6797,9909.634
2007/6/30,1335.314,188.354,345616.72,5719,3049,792,8376,10038.233
2007/7/1,1026.664,172.448,345696.7,4436.2,969,736,4690,10716.066
2007/7/2,967.032,176.924,346567.4,4216,1018,5281,3445,6373.2
2007/7/3,1059.912,180.338,345869.2,4652.2,467,3214,4695,9289.2
2007/7/4,1003.41,253.334,346549.88,4457.4,2329,2218,5632,6544.5
2007/7/5,1057.29,246.716,346240,4655.8,2922,770,3973,9956.5
2007/7/6,1069.524,219.35,346463.22,4706.8,2826,3563,4005,7431.4
2007/7/7,1358.206,214.044,345470.6,5810.2,997,3047,10177,8415.767
2007/7/8,1089.08,196.92,346088,4736.6,1825,2831,5277,8218.333
2007/7/9,1180.158,172.422,346489.4,5063.4,923,594,9386,8766.3
2007/7/10,908.324,176.244,345575.6,4012,67,2227,4631,8213.733
2007/7/11,722.352,153.856,347083.25,3167.2,1015,647,5284,5093.2
2007/7/12,1069.582,209.098,346701.06,4656.4,1029,2550,6419,7828.3667
2007/7/13,794.382,206.694,346830.9,3529.2,0,633,4427,8179.7
2007/7/14,1288.17,258.45,347460.3,5607.4,3775,1968,6604,9122.5
2007/7/15,917.024,233.182,315181.47,4050,862,632,5585,8204.733
2007/7/16,853.674,233.96,340570.4,3831.2,830,695,4176,8526.9
2007/7/17,719.632,176.088,338027.4,3277.8,848,694,3335,7116.8667
2007/7/18,757.082,156.514,332767.06,3437,909,671,4628,6410.033
2007/7/19,677.886,187.012,337337.1,3087.2,1068,703,3130,6397.1
2007/7/20,1110.422,223.118,339219.22,4970.4,2111,2418,4765,9213.033
2007/7/21,1060.248,236.158,337329.53,4739.8,428,512,7756,8974.8
2007/7/22,1375.774,218.246,339551.8,6082,7091,2136,5563,8139.567
2007/7/23,991.018,143.77,337681.25,4429.4,1747,1288,3847,9634.967
2007/7/24,825.284,112.81,338922.78,3673.4,0,1607,5599,6548.7334
2007/7/25,472.56,108.234,339323.12,2130.2,0,151,2333,5392
2007/7/26,924.5,115.092,338318.97,4087,975,3633,4346,6454.3335
2007/7/27,1202.514,120.456,339197.3,5217.6,1837,49,7157,10998.9
2007/7/28,1621.862,178.73,339130.4,7116,907,10265,6559,9300.033
2007/7/29,321.116,118.576,339425.34,1488.2,0,0,1288,4063.9333
2007/7/30,466.816,129.492,339163.53,2112.8,0,0,2528,5252.2666
2007/7/31,812.332,145.786,338277.34,3603.6,3277,0,3575,6686.8667
2007/8/1,1060.338,142.556,333478.03,4616.6,1583,0,9812,6277.3
2007/8/2,1019.416,144.954,338193.5,4445.4,482,0,6869,9639.267
2007/8/3,1063.364,125.388,337659.28,4618.4,958,0,9139,7625.7334
2007/8/4,1144.99,139.226,338770.4,4971.4,552,398,7966,10167.167
2007/8/5,787.098,151.254,338566,3509,169,0,6647,6302.3
2007/8/6,1089.72,154.434,337971.94,4776.6,1096,0,7985,9081
2007/8/7,1483.58,131.182,337757.6,6373.4,437,2168,9042,13079.333
2007/8/8,1125.482,119.096,337697.8,4868,1055,1111,9660,6932.033
2007/8/9,1071.68,109.474,337268.72,4712.2,182,4515,6646,6518.3335
2007/8/10,1028.01,117.656,337663.88,4506.8,336,2651,8287,5859.5
2007/8/11,1091.65,115.77,338371.47,4731.4,1180,910,10339,5765.1665
2007/8/12,1241.904,127.776,339357.38,5389.6,1123,1156,8582,9837.4
2007/8/13,1153.012,130.94,338711.88,4966.2,93,476,11101,7546.8667
2007/8/14,941.19,132.01,341390,4110,951,685,6256,7794.5
2007/8/15,1191.86,159.764,345590.5,5100.6,338,508,9787,9231.333
2007/8/16,958.496,131.532,345222.22,4095.2,962,0,7476,7536.933
2007/8/17,1009.892,127.388,346311.44,4293.4,244,0,7769,8818.533
2007/8/18,347.96,119.24,347442.66,1553.6,0,0,1830,3969.3333
2007/8/19,1422.294,160.018,345533.28,6137.2,1025,8912,5989,7778.9
2007/8/20,1338.842,155.88,347473,5707.2,1032,6965,7383,6934.033
2007/8/21,642.556,157.308,346425.2,2824,0,38,3296,7375.2666
2007/8/22,1209.808,154.288,346776.94,5142.6,3048,1836,7241,8038.467
2007/8/23,1112.312,157.954,346532.12,4795.6,2502,259,5342,10435.533
2007/8/24,1656.214,262.692,346071.78,7106.6,1891,3782,9944,11986.566
2007/8/25,1150.88,272.548,345398.16,5117.4,4149,2191,5678,7163.3335
2007/8/26,1314.906,299.388,345529.3,5778.2,1541,3645,5658,11071.1
2007/8/27,1211.73,299.084,345489.97,5315.4,2305,1229,6344,10317.5
2007/8/28,997.004,181.114,344951.8,4314.4,1038,2468,5483,7627.7334
2007/8/29,747.992,175.426,346672.78,3282.6,957,562,4932,6015.533
2007/8/30,1202.458,191.048,346425.38,5190.2,3822,2580,4221,9417.967
2007/8/31,1279.822,187.256,345579.4,5455.4,1200,666,8738,10726.366
2007/9/1,1701.486,289.846,344672.28,7294.2,2497,569,9733,15559.1
2007/9/2,1662.468,231.598,345665.28,7224.8,3613,1617,8806,13671.8
2007/9/3,1038.922,188.422,345053.3,4508.2,621,2515,5323,8856.366
2007/9/4,1584.944,179.626,345109.9,6848.6,2928,3501,9821,10165.733
2007/9/5,1236.572,148.864,344373.34,5324.6,0,4144,6705,9760.533
2007/9/6,901.474,172.026,344649.66,3963.2,0,3888,3461,7675.567
2007/9/7,1336.496,181.738,344205.66,5770.4,3632,551,9388,8703.934
2007/9/8,1469.752,186.33,345211.84,6324.4,3339,1801,9164,10191.866
2007/9/9,1679.502,209.152,344047.88,7277.8,2184,4438,9233,12136.7
2007/9/10,1117.376,177.498,344719.66,4843.8,935,595,5613,11479.934
2007/9/11,983.572,151.764,345703.66,4251,943,550,5792,9107.866
2007/9/12,1287.764,171.794,345621.7,5558.4,0,3217,7755,10490.733
2007/9/13,1146.382,165.95801,344606.16,4988.8,1175,2523,3853,11555.366
2007/9/14,1135.47,183.126,344594.72,4960.4,901,676,5804,11543.5
2007/9/15,1095.312,184.466,345602.84,4720.6,0,1449,6464,10342.2
2007/9/16,1652.224,192.352,344967.06,7151.4,3118,3064,9310,12045.066
2007/9/17,1461.186,202.314,344469.3,6355.4,6651,926,6279,10497.1
2007/9/18,1167.52,147.132,343095.38,5058.4,1888,2029,5425,10116.667
2007/9/19,1298.684,151.794,346039.5,5592,0,2743,7937,10964.733
2007/9/20,1255.532,132.908,345189.6,5358.2,1056,489,9996,9384.533
2007/9/21,1238.78,152.834,344709.3,5375,3130,2745,6316,8455.333
2007/9/22,1176.172,183.432,344855.56,5061.8,944,1311,7688,9659.866
2007/9/23,1417.97,242.974,344880.62,6163.2,2831,1929,7382,11490.833
2007/9/24,1354.53,197.624,343584.88,5873.4,929,3935,7955,9756.5
2007/9/25,1764.342,130.078,342863.44,7497.2,916,2253,9820,16416.7
2007/9/26,1822.264,168.628,344292.53,7732.2,1058,9415,5661,14237.066
2007/9/27,1392.6,150.71,344976.56,5872,1066,643,7324,14177
2007/9/28,1680.498,222.718,344825.9,7191.6,996,3722,9952,13338.3
2007/9/29,2296.522,182.122,344361.75,9782.2,4085,7457,8190,18543.367
2007/9/30,1516.29,163.588,345693.28,6411.6,1405,582,10225,13059.5
2007/10/1,1720.922,146.734,344505.47,7306.2,1507,6622,5960,14593.033
2007/10/2,2198.864,161.828,343431.06,9322.6,508,8022,12815,15302.733
2007/10/3,1280.454,157.738,344535.94,5472,979,5024,3692,11645.9
2007/10/4,1518.458,138.448,344455.3,6414.6,2400,444,9710,12753.634
2007/10/5,1394.092,150.636,343911.03,5889.2,0,351,9425,13458.866
2007/10/6,1756.24,186.192,343268.22,7441.4,4840,347,9666,14417.667
2007/10/7,2106.114,153.178,343909.84,8939.4,2498,8255,10886,13462.9
2007/10/8,1095.242,121.896,344299.03,4652.8,0,420,5082,12752.033
2007/10/9,1687.858,159.802,343985.97,7174.6,2034,2147,9290,14659.967
2007/10/10,1166.972,132.752,344766.47,5023.6,1863,2117,3345,12124.533
2007/10/11,1732.446,153.108,343359.6,7357,2630,414,7806,18024.1
2007/10/12,1914.504,137.984,343413.1,8160.6,1020,5028,11659,14201.4
2007/10/13,1926.728,125.204,343822.2,8209,969,3799,8463,18881.133
2007/10/14,2061.252,150.05,344305.5,8753.4,2930,7494,7126,16804.2
2007/10/15,1266.33,118.182,344581.5,5359.6,1061,339,7654,12051.5
2007/10/16,1964.442,185.414,343962.16,8385.4,0,7871,9876,14993.7
2007/10/17,1576.93,136.4,344436.66,6677.2,1065,453,8968,15796.167
2007/10/18,1518.53,122.5,345312.4,6384.6,1162,317,9864,13965.833
2007/10/19,2085.648,121.478,345099.12,8788.6,1299,3124,11648,18689.8
2007/10/20,1660.246,139.544,348227.75,6933.2,2363,296,13225,11786.767
2007/10/21,1941.94,154.028,347746.66,8210.4,3712,4357,7313,16983.666
2007/10/22,1652.896,116.41,346385.38,6920.4,0,299,13027,14222.267
2007/10/23,1954.648,127.484,346891.4,8214,1067,5186,10680,15644.467
2007/10/24,1865.636,146.782,346763.9,7881.4,4459,364,9115,17155.934
2007/10/25,1853.918,132.2,346280.6,7795.6,1478,2433,7385,19602.633
2007/10/26,1437.568,109.676,346580.44,6286.8,0,348,5766,17845.467
2007/10/27,1785.688,109.186,345889.75,7645.2,1374,4856,8949,14582.467
2007/10/28,512.158,92.298,346847.12,2138.8,0,283,1765,6487.967
2007/10/29,545.428,86.998,347318.38,2267.2,0,269,2749,6072.467
2007/10/30,811.008,89.84,346501.34,3386,0,1935,4256,7325.8
2007/10/31,1283.21,107.2,346088.12,5389,0,4700,8915,7771.8335
2007/11/1,496.216,85.046,346951.3,2067.8,0,293,1991,5986.2666
2007/11/2,1443.602,93.362,344662.53,6051.8,1346,2115,12245,8354.033
2007/11/3,492.55,88.124,345874.34,2065.4,0,282,1936,5991.1665
2007/11/4,1485.686,138.802,345895.94,6313,0,4387,7068,13306.434
2007/11/5,1500.592,131.35,345109.12,6330.6,1265,397,6583,16764.867
2007/11/6,2082.378,200.526,343730.8,8855.8,1105,5515,10690,17396.3
2007/11/7,1844.758,193.52,344973.47,7892.8,5042,301,6374,19028.967
2007/11/8,1501.06,134.698,346683.8,6386.4,1715,314,6500,16488.666
2007/11/9,2171.226,113.242,343750.22,9168.8,0,4573,15375,16239.1
2007/11/10,2611.6,237.65201,344319,11098,3697,304,13767,25758.666
2007/11/11,1887.124,185.61,345974.78,7978.4,3445,320,6024,21663.066
2007/11/12,2156.146,137.468,345348.84,9031.6,1018,4165,13281,17471.768
2007/11/13,2214.398,140.952,347217.1,9293,978,4933,11076,19919.633
2007/11/14,2047.994,141.59,345522.28,8554.6,1055,295,16345,16438.232
2007/11/15,1491.988,133.066,345578.38,6330.8,1606,571,7503,15186.467
2007/11/16,2309.754,123.978,347016.25,9674,1991,4660,13564,18280.9
2007/11/17,2610.094,168.03,346468.94,10942.4,2588,2199,14990,23724.566
2007/11/18,2183.858,161.762,348855.06,9140.6,5201,2097,7066,22033.633
2007/11/19,1723.654,112.03,349583.56,7209,1089,253,10750,16635.566
2007/11/20,2095.856,124.832,347527.9,8770.2,1015,3954,11026,18935.934
2007/11/21,1751.836,131.48,347513.84,7360.4,1139,549,9455,18054.266
2007/11/22,1932.378,143.108,347853.66,8145,2867,297,9001,20041.3
2007/11/23,2522.618,138.912,346640.22,10570.6,2168,6181,13685,20009.633
2007/11/24,1899.054,150.512,348195.94,7938.2,1573,4131,13451,12495.9
2007/11/25,1395.598,122.776,349432.06,5884.8,3556,279,5678,13746.967
2007/11/26,1569.716,117.05,347207.75,6626,1088,288,8926,15859.934
2007/11/27,2801.012,139.994,347502.38,11745,1063,11020,15111,19489.533
2007/11/28,1644.94,115.442,349768.53,6876.8,1182,769,7810,17654.666
2007/11/29,1719.23,118.71,349289.97,7221.6,2031,283,8818,17521.834
2007/11/30,2331.728,147.28,350622.38,9730.4,0,7941,13601,17320.133
2007/12/1,3134.942,288.892,345983.16,13235.8,9356,353,17847,24693.033
2007/12/2,2946.188,325.082,346651.22,12410.8,2090,6915,10636,29462.133
2007/12/3,1762.06,131.914,347154.62,7438.4,1141,299,10428,17499.666
2007/12/4,2067.636,145.016,347811.8,8705,1012,5828,8561,19059.6
2007/12/5,2153.12,178.398,347368.16,9141.4,3422,295,10919,21249.334
2007/12/6,2487.934,161.936,345182.53,10566.6,4751,318,11908,24488.566
2007/12/7,1769.016,147.64,346566.3,7427.4,459,3710,10263,15051.6
2007/12/8,2213.404,154.34,344966.3,9371.6,1133,2354,12283,21120.066
2007/12/9,2274.584,200.936,345477.72,9650.2,4176,2428,8728,22577.732
2007/12/10,1758.754,125.012,348341.53,7451.4,1102,278,8281,19651.566
2007/12/11,2305.104,133.698,347702.75,9665.6,1050,3817,12740,20811.4
2007/12/12,1588.062,116.886,349165.9,6611.2,1152,254,7759,17302.7
2007/12/13,1847.746,111.49,348231.38,7804.2,1103,1448,8911,19333.768
2007/12/14,1974.808,179.55,348459.72,8291.2,980,3849,12941,15143.467
2007/12/15,2736.876,157.626,347444.12,11491.2,1706,3687,14313,25908.6
2007/12/16,2762.218,126.938,349466.38,11508.8,3410,2281,12929,27416.967
2007/12/17,1797.066,105.098,349138.47,7467.6,1636,243,10567,17505.1
2007/12/18,2623.194,144.08,349833.6,10947,1123,5810,11093,25693.9
2007/12/19,2196.052,109.336,349489.6,9121.6,1233,2658,11679,21030.867
2007/12/20,1949.758,119.434,350161.84,8083.2,1859,276,13592,16768.967
2007/12/21,1982.576,106.47,349749.56,8227.8,1191,200,12251,19400.934
2007/12/22,2611.264,141.314,348689.56,10934.6,3819,4550,12673,22479.066
2007/12/23,2409.048,176.272,349283.44,10055.2,1971,3091,11962,23126.8
2007/12/24,2257.848,149.754,349416.62,9431.6,2985,2316,14350,17979.8
2007/12/25,2694.968,151.812,349892.44,11219,4588,3368,9084,27876.133
2007/12/26,2580.28,140.314,349045.06,10693.6,1109,2773,9480,29642.666
2007/12/27,2532.198,190.582,348640.72,10650,4122,1490,7960,28631.3
2007/12/28,3113.052,206.8,348889.66,13004,1980,8554,15823,25527.2
2007/12/29,3298.956,199.892,346392.97,13766.4,4836,2434,14906,32806.6
2007/12/30,2558.916,178.436,348622.8,10750.6,3595,3597,13485,21971.6
2007/12/31,2216.542,145.536,347176.5,9295.2,0,3457,14071,19414.367
2008/1/1,2759.738,142.508,347092.8,11489.2,2461,2739,12355,28440.633
2008/1/2,1644.106,111.666,349081.12,6869.4,0,3094,8987,15320.767
2008/1/3,1510.108,121.182,350031.53,6338.4,1130,846,6671,16521.467
2008/1/4,2291.852,136.706,347433.66,9669.8,1241,5326,11752,19878.533
2008/1/5,2183.248,129.464,343905.03,9283.4,2113,286,14591,19397.467
2008/1/6,1825.184,116.958,344746.5,7761.8,1966,2445,7824,18184.732
2008/1/7,1695.814,116.172,346671.28,7078,1288,282,10294,16399.566
2008/1/8,2043.55,127.452,346783.4,8625.6,2197,3511,9793,18558.166
2008/1/9,1788.44,125.336,347412.44,7534,1162,284,8963,19398.334
2008/1/10,1894.076,120.504,346762.28,8056.2,1307,285,9992,19983.934
2008/1/11,1705.818,95.484,346190.47,7147.4,1261,290,7997,18882.3
2008/1/12,2871.408,162.724,345542.66,12274.4,5594,2621,11116,28525.8
2008/1/13,2881.656,144.278,345001.97,12158.6,6505,340,9362,31820.6
2008/1/14,2024.932,120.11,346030.56,8661,5918,339,9738,17753.867
2008/1/15,2686.912,113.144,346621.66,11363.4,782,6883,14512,22604.867
2008/1/16,2135.852,128.93001,346207.88,9100.2,1162,3430,9391,21614.533
2008/1/17,1572.282,116.718,347944.3,6688.8,1007,350,8657,16190.7
2008/1/18,2186.988,119.29,345503.4,9262.4,1034,846,14983,19586.8
2008/1/19,1980.306,134.982,345032.53,8393.6,2521,6054,8015,16415.1
2008/1/20,1740.368,138.614,345520.12,7414.4,1775,380,4940,21911.133
2008/1/21,1858.998,122.4,344973.25,7947.4,0,376,10447,20160.3
2008/1/22,2325.018,143.462,345736.47,9977.4,4670,7640,7552,18888.3
2008/1/23,1882.308,107.984,346906.16,7949.2,1116,387,13359,16509.8
2008/1/24,1645.022,104.306,346722.1,7038.6,1107,320,5935,20055.033
2008/1/25,2239.856,119.626,346615.84,9423.4,0,2421,11409,23500.934
2008/1/26,2834.988,168.422,345254.7,12048,4925,311,15606,26407.8
2008/1/27,2381.766,140.758,347477.28,10058.2,3725,3818,7367,24786.1
2008/1/28,2308.196,107.836,346272.16,9748.2,1142,280,12792,24255.934
2008/1/29,2676.024,117.176,346497.28,11292.8,1487,6199,11077,25837.4
2008/1/30,1640.646,116.47,347925.1,6950,0,261,7261,19822.1
2008/1/31,1953.922,137.576,348315.47,8342.4,1165,267,9437,21696.367
2008/2/1,1534.652,179.25,346118.78,6505.4,336,280,7241,17720.533
2008/2/2,2936.034,230.968,345778.06,12446.6,6247,2764,15188,24734.9
2008/2/3,2084.568,153.70801,346090.62,8835.4,2319,4435,8452,19536.8
2008/2/4,1628.138,104.034,345967.5,6879.2,1161,252,9531,16191.634
2008/2/5,2472.456,152.786,347006.75,10383.2,1098,7803,13717,18589.6
2008/2/6,1669.54,114.26,343315.75,7104.4,2114,356,8428,16927.666
2008/2/7,1518.31,108.706,347141.6,6392.6,0,295,8089,16921.166
2008/2/8,1950.564,119.094,346223.7,8276,940,1921,9563,20085.4
2008/2/9,2102.2761,144.528,348140.88,8769.6,2050,2838,10293,19856.934
2008/2/10,2184.714,151.73601,347436.28,9211.4,2562,2955,10128,20766.9
2008/2/11,1692.016,102.246,348036.75,7101.8,1018,297,8930,17955.268
2008/2/12,1987.798,130.946,344893.2,8419.8,2009,1856,12138,17126.967
2008/2/13,1900.498,128.478,347332.47,8035.4,2530,3615,7568,17961.967
2008/2/14,1604.622,113.646,346701.34,6744.6,1300,291,9299,15853.7
2008/2/15,2005.208,107.952,348322.47,8325,1109,1723,13417,17171.133
2008/2/16,2346.948,138.994,347166.1,9927.2,1076,2360,11599,24080.8
2008/2/17,1933.368,120.076004,349156.56,8142.4,3182,2257,6049,20734.8
2008/2/18,1514.404,101.972,348572.06,6301.8,0,251,10345,14644.066
2008/2/19,2126.916,137.568,347054.6,8956.4,1881,4711,11200,17656.6
2008/2/20,2253.79,190.268,348004.34,9516,3655,5516,7704,20688.166
2008/2/21,1633.85,112.274,346680.56,6895.4,0,307,8523,18400.834
2008/2/22,1732.564,121.688,347667.5,7279.6,1167,1985,10101,15623.066
2008/2/23,1833.97,132.504,344649.25,7781.8,1684,2250,10040,16592.166
2008/2/24,1263.008,107.332,346144.03,5240,754,332,11447,8517.134
2008/2/25,504.488,91.72,345277.44,2096,0,321,1856,6231.1333
2008/2/26,507.12,84.590004,344928,2101,0,295,2013,6144
2008/2/27,566.72,86.168,344957.78,2353.2,0,326,2969,6150.3335
2008/2/28,509.184,83.248,345318.16,2112.4,0,281,2028,6177.4
2008/2/29,1333.348,88.948,342775.44,5576.6,0,3773,8062,10387.467
2008/3/1,1141.876,105.158,344781.38,4719.8,0,1287,2724,15020.267
2008/3/2,1162.226,144.71,345234.6,4932,0,5244,2565,11561.434
2008/3/3,1040.55,114.334,346106.88,4287.6,0,2207,1755,13380.5
2008/3/4,1668.99,108.958,347078.03,7009.4,1249,2443,9415,14709.5
2008/3/5,2037.208,140.898,347133.94,8598,1145,9797,5529,17482.467
2008/3/6,2503.208,106.184,346218.1,10389,1082,372,6965,33301.133
2008/3/7,1862.956,129.392,346775.12,7836,1235,3471,9033,17310.268
2008/3/8,2248.66,237.08,347890.97,9487.2,6286,346,8435,22410.666
2008/3/9,1560.458,135.574,346674.78,6611.2,2607,333,4155,18912.633
2008/3/10,1618.686,127.124,348087.38,6786,2009,368,8660,15941.1
2008/3/11,2200.042,151.1,346210.78,9312.4,1271,3901,12936,18559.367
2008/3/12,1774.232,138.194,347122.38,7448,1120,2374,11042,15034.533
2008/3/13,1675.514,128.474,346755.78,7116,3263,3590,5464,15608.233
2008/3/14,2210.22,159.748,346503.4,9282.6,980,3881,14476,17500
2008/3/15,1576.3,154.412,345885.12,6697,2550,502,5910,17309.666
2008/3/16,1801.96,173.652,347464.3,7629.6,2394,566,11286,15786.667
2008/3/17,1706.918,175.274,346759.53,7210,236,6651,9346,12215.634
2008/3/18,1917.566,147.44,348377.75,8023.6,1156,4019,12544,14240.434
2008/3/19,1308.448,142.498,349059.2,5508.8,2110,411,6154,13132.467
2008/3/20,1253.274,120.854004,348138.12,5269.8,1107,478,6670,12632.9
2008/3/21,2066.442,223.824,347572.66,8695,2171,4778,13275,14216.7
2008/3/22,2053.516,185.68001,347921.5,8669.2,3322,588,12405,17910.268
2008/3/23,2325.99,152.446,349419.78,9778.4,6279,2112,13878,16497.5
2008/3/24,1974.668,131.05,349255.75,8285.6,1131,5988,7008,18784.133
2008/3/25,2015.856,127.832,348679.03,8453.6,2246,3677,13494,14180.6
2008/3/26,1633.472,133.598,349646.12,6858.8,2547,3831,7547,13299.533
2008/3/27,1370.822,116.44,348617.6,5703.6,0,356,9022,13469.033
2008/3/28,1885.424,137.64,348945.62,7889.8,2325,3605,11581,13912.733
2008/3/29,2471.15,175.068,347405.12,10381.4,5153,375,17240,18417.834
2008/3/30,2146.392,175.97,347275.8,9039.6,5045,1315,9769,19644.2
2008/3/31,1377.57,130.86,349526.94,5768.6,1091,411,9387,12070.5
2008/4/1,2129.052,170.396,347926.75,8931.6,1079,6657,14515,13233.2
2008/4/2,1691.672,142.54,343680.72,7211,1106,3674,7989,15425.533
2008/4/3,1128.756,121.236,346599.72,4724.4,0,422,6901,11489.6
2008/4/4,1631.918,125.306,347516.72,6806,2133,775,13246,11044.634
2008/4/5,1970.762,203.684,346403.56,8330.2,2929,874,13644,15399.033
2008/4/6,1696.318,150.572,347255.44,7122.8,1124,2615,7552,16980.967
2008/4/7,1538.838,141.28,350248.78,6457.2,2420,672,9466,13089.3
2008/4/8,2657.516,184.176,348575.88,11087.2,2752,10713,17519,13307.934
2008/4/9,1218.852,132.864,348937.5,5073,0,376,9003,10935.2
2008/4/10,1477.746,163.68001,348406.62,6199.8,3261,457,6527,14384.1
2008/4/11,1877.6641,143.89,346692.06,7851.8,1802,491,14522,14479.4
2008/4/12,2800.014,392.272,347130.97,11834.2,7076,2499,15225,21866.9
2008/4/13,2232.986,213.514,346209.6,9434.6,2554,5942,13007,15713.434
2008/4/14,1589.582,154.95801,348932.25,6630.2,0,425,11197,14871.033
2008/4/15,1670.406,178.782,347383.78,7069.8,1174,3998,9874,12794.1
2008/4/16,1489.064,125.904,348111.9,6215.2,838,403,11322,12254.733
2008/4/17,1395.862,145.878,347621.2,5910.2,1719,417,8638,12490.366
2008/4/18,1862.39,184.646,346523.88,7859,2174,3832,10921,14112.833
2008/4/19,2253.71,245.284,347246.2,9556,4319,2457,14722,16063.833
2008/4/20,1791.418,227.854,347663.34,7575.2,1030,4544,10401,13881.967
2008/4/21,1164.156,175.4,348469.2,4902,0,2673,6788,9941.6
2008/4/22,1627.676,193.15,346982,6872.4,971,5093,10603,10460.934
2008/4/23,1357.328,189.502,347776.34,5713.2,1380,492,8406,12344.134
2008/4/24,1043.772,171.924,346471.66,4403.6,1263,522,5296,10315.2
2008/4/25,1267.734,162.224,347050.3,5328,824,2004,9400,8900.9
2008/4/26,903.166,168.696,346741.28,3793,0,634,3586,10832.767
2008/4/27,1008.24,198.118,346906.5,4267.8,693,588,5488,10035
2008/4/28,659.052,167.118,347008.97,2809,0,621,2786,7577.2
2008/4/29,1972.616,215.356,346617.94,8309.8,1402,5411,10481,15582.934
2008/4/30,1101.726,171.556,347664.44,4634.8,1057,590,6653,10062.1
2008/5/1,576.014,150.696,347682.62,2451.4,0,530,2586,6484.2334
2008/5/2,1497.768,205.568,347974.47,6304,3114,584,8687,12577.8
2008/5/3,1289.6,202.004,346800.5,5473.4,996,541,6535,13421.333
2008/5/4,1470.97,209.422,347587.88,6282,2196,2872,5464,13984.167
2008/5/5,1366.932,185.75,346661.06,5756.8,1008,378,10197,11199.2
2008/5/6,1789.98,199.596,346018.06,7554.2,1354,5410,12200,10869
2008/5/7,1176.264,190.956,347157.03,4978.8,1030,423,6649,11502.4
2008/5/8,2116.698,253.244,345385.88,8897,3667,702,12717,18192.3
2008/5/9,1747.272,229.87401,346278.56,7396,2229,423,11904,14565.2
2008/5/10,1909.128,289.814,345724.16,8116.4,6950,612,11714,12542.8
2008/5/11,1610.92,275.702,346299.25,6918,563,1340,6930,18015.666
2008/5/12,1524.204,229.14,347099.94,6508,2082,1085,11959,10277.4
2008/5/13,1476.894,236.468,346138.66,6324.2,823,4089,8370,11332.9
2008/5/14,1584.262,277.374,346620.25,6787.2,2467,3436,9716,10785.366
2008/5/15,1162.768,237.724,346104.56,5071.8,868,570,6820,11121.467
2008/5/16,1648.03,235.202,344573.9,7078.2,2228,2565,8955,13719.167
2008/5/17,1657.454,275.896,344840.9,7130.2,2158,935,12472,12059.233
2008/5/18,1803.958,254.492,345143.06,7789.6,1775,5355,8626,14309.967
2008/5/19,1030.262,175.736,346221.9,4420,1014,558,7503,8096.033
2008/5/20,1581.334,184.082,347068.22,6742.4,1352,2431,11977,10595.566
2008/5/21,1324.112,190.326,346695.12,5640,1989,474,9251,10354.533
2008/5/22,976.868,169.816,344880.28,4256.6,996,440,6475,8370.134
2008/5/23,1484.916,178.958,344878.34,6276.4,0,1390,14734,8624.6
2008/5/24,1580.176,285.55,346643.88,6723.4,1027,569,12833,11907.267
2008/5/25,2048.504,290.416,345521.72,8836.6,4307,8811,6016,15007.733
2008/5/26,1289.71,220.698,346123.72,5658.8,985,666,9284,10560.167
2008/5/27,1708.7,207.466,344722.84,7354.6,0,5352,11478,11648.333
2008/5/28,1114.372,235.644,347504.7,4824.8,3138,512,6709,8213.866
2008/5/29,1135.076,186.832,342252.22,5005,1004,507,8703,8703.934
2008/5/30,1397.244,182.218,346397.3,6052.2,0,3019,11298,8970.4
2008/5/31,1641.47,249.924,346542.06,7089.2,1764,2328,11858,11407.833
2008/6/1,1848.876,225.34,346497.38,7809.4,1906,545,11307,17056.6
2008/6/2,1074.012,165.158,340372.62,4634,960,558,6341,10041.2
2008/6/3,1597.816,173.938,337179.2,6975.6,2897,2608,9265,11860.267
2008/6/4,1588.912,152.404,337977.3,6952,1550,7682,6508,10741.866
2008/6/5,1120.078,153.106,338635.9,4892.6,1747,506,8781,7633.967
2008/6/6,1217.714,174.52,345192.38,5287.8,1009,506,7871,10909.233
2008/6/7,1882.484,186.414,344137.6,7966,2379,2611,14593,11791.733
2008/6/8,1542.322,188.384,345549.5,6618.4,2536,3161,9732,10276.367
2008/6/9,1325.698,183.64,344785.94,5817.2,1967,2085,7921,10121.967
2008/6/10,1067.09,216.018,345568.38,4615,907,585,8992,7300.8335
2008/6/11,1123.206,214.372,345822.44,4879.4,977,842,7566,9335.1
2008/6/12,1259.332,189.292,345153.62,5471,1951,567,7246,11224.866
2008/6/13,1874.28,281.816,343759.25,8067,2809,7358,10531,10540
2008/6/14,1384.92,344.28,345620.88,6059.2,1862,1011,10681,9528
2008/6/15,2289.102,281.006,344813.38,9754,6471,6802,11589,13289.7
2008/6/16,1303.044,204.382,346224.2,5622.8,1980,464,10012,9261.4
2008/6/17,1145.084,175.464,346110.38,4945.8,1080,432,10094,7478.7334
2008/6/18,1893.608,272.724,345225.4,8224.4,7549,3040,12687,8284.134
2008/6/19,1588.082,189.418,344552.66,6822.6,3411,1514,10911,10632.033
2008/6/20,1676.104,227.42,345512.44,7211.8,2948,2935,12417,9635.066
2008/6/21,1734.254,239.028,344827.3,7393.2,940,5823,12828,9313.233
2008/6/22,1566.416,294.144,344223.53,6730.6,4705,1175,10652,9574.934
2008/6/23,1251.796,210.956,344070.22,5460.4,2600,581,10124,7558.2666
2008/6/24,1754.452,253.022,342598.16,7577.6,2779,3489,14271,8701.866
2008/6/25,1261.77,290.626,344008.66,5631.8,2773,569,9402,8285.5
2008/6/26,1056.02,217.414,344666.03,4624,921,572,8971,7136.3335
2008/6/27,1755.152,262.008,344066.38,7540.8,4159,2372,10163,12558.533
2008/6/28,1208.8,210.954,344365.03,5307.8,0,2000,7932,10214.667
2008/6/29,749.352,183.664,345831.34,3356.8,955,535,3896,7103.2
2008/6/30,804.196,189.526,346141.62,3570,0,521,6819,6063.2666
2008/7/1,1215.24,277.788,344938.03,5385.6,3465,587,8390,7812
2008/7/2,1147.202,266.538,344105.25,5140.2,962,650,7002,10506.033
2008/7/3,1098.36,213.748,345075.12,4814.2,958,2569,7410,7369
2008/7/4,942.02,188.132,345858.7,4072.8,0,589,8302,6809.3335
2008/7/5,1469.088,224.78,344973.28,6316.6,1875,6754,8365,7490.8
2008/7/6,1805.064,253.582,346449.94,7717.6,4258,5230,7536,13060.4
2008/7/7,983.39,202.81,345072.56,4274.8,2171,592,7149,6477.8335
2008/7/8,1126.214,196.318,345168.9,4854.8,991,503,7592,9684.233
2008/7/9,919.318,191.724,346074.6,3996.4,951,499,7352,6519.967
2008/7/10,1251.276,240.242,345409.56,5390.6,982,552,8186,11134.6
2008/7/11,1254.216,251.036,344904.34,5446.4,724,558,9251,10370.6
2008/7/12,1328.852,266.124,345685.38,5832.6,4436,2617,7231,7863.533
2008/7/13,1253.754,166.908,345538.78,5420,1671,3164,7056,9004.9
2008/7/14,1137.926,209.668,346311.62,4941.6,2564,1995,6436,7970.433
2008/7/15,1155.86,190.936,345285.28,4947.4,968,552,8585,9159.333
2008/7/16,1077.062,206.462,346454.47,4661,1537,2799,4978,8637.033
2008/7/17,1319.122,239.506,345480.53,5798.4,1122,723,8280,11860.366
2008/7/18,1261.584,195.606,344991.16,5381.2,1143,552,9260,10071.4
2008/7/19,1344.014,208.03,344377.62,5788.4,2941,3146,7676,8637.233
2008/7/20,941.534,172.576,345279.88,4084.4,1943,1076,5457,7216.2334
2008/7/21,1156.478,172.45,344306.44,5014.2,1698,431,9189,7956.6333
2008/7/22,740.242,161.128,345125.25,3272.6,0,430,4886,7021.3667
2008/7/23,942.63,162.392,345738.4,4103.2,1233,454,6325,7698.5
2008/7/24,1093.45,185.882,345432.62,4639,837,476,8344,8567.167
2008/7/25,865.534,182.714,344242.38,3770.4,1168,492,6731,6034.567
2008/7/26,815.684,213.318,345641.3,3592,0,948,6243,6403.7334
2008/7/27,1147.396,233.138,343398.47,5058,1063,858,8385,8817.267
2008/7/28,825.804,198.514,345590.9,3707,0,509,5963,7291.4
2008/7/29,1166.558,208.384,345958.38,5242.8,1571,530,5802,11539.634
2008/7/30,1299.908,227.536,344283.25,5853.8,2548,773,6278,12066.134
2008/7/31,1392.6381,243.476,345737.78,6093.8,1533,2808,7588,11281.634
2008/8/1,739.576,252.704,345319.84,3352.2,586,1150,5091,5499.2666
2008/8/2,505.776,178.294,344345.38,2286.6,0,504,3803,4122.6
2008/8/3,504.782,166.052,341358.38,2270.4,0,499,3926,3988.0332
2008/8/4,1125.92,193.62,342285.53,4917.4,596,4677,4410,9082.333
2008/8/5,827.118,180.248,343780.5,3608.6,635,509,7118,5523.3
2008/8/6,326.112,214.504,346414.78,1570.2,0,513,2215,2707.2
2008/8/7,334.884,214.94,344609.75,1613.8,0,526,2357,2698.4
2008/8/8,302.2,196.448,344817.4,1448,0,481,1980,2575.6667
2008/8/9,358.924,199.99,346623.06,1670.8,0,489,1902,3591.0667
2008/8/10,352.032,189.106,345981.44,1616.4,0,464,1905,3498.2
2008/8/11,371.91602,187.62,346634.38,1685.8,0,489,1880,3829.6
2008/8/12,288.984,187.042,345669.53,1373,0,462,1844,2510.4
2008/8/13,282.584,183.836,346854.97,1341.4,0,451,1789,2469.7334
2008/8/14,270.258,177.966,347242.88,1274.4,0,441,1641,2422.3
2008/8/15,273.654,178.178,347267.75,1290.2,0,439,1691,2430.9
2008/8/16,274.814,181.678,348617.3,1295.2,0,442,1688,2450.2334
2008/8/17,274.796,179.516,347304.16,1292.8,0,445,1710,2424.9333
2008/8/18,273.758,178.098,347552.4,1287.8,0,440,1719,2403.6333
2008/8/19,274.692,180.622,346888.4,1300.8,0,442,1697,2439.2
2008/8/20,268.47202,178.064,347822.94,1272,0,437,1626,2411.5334
2008/8/21,261.298,168.972,346025.75,1223.6,0,432,1577,2345.9668
2008/8/22,267.124,174.654,346870.44,1255.8,0,438,1614,2400.0667
2008/8/23,254.642,169.422,348685.44,1196.4,0,419,1485,2340.0334
2008/8/24,254.716,163.91,347923.3,1190,0,404,1523,2318.2666
2008/8/25,250.298,163.87,347722.53,1164,0,422,1436,2313.6333
2008/8/26,257.564,166.566,347212.16,1205.6,0,420,1533,2339.7334
2008/8/27,258.114,165.872,346430.12,1199.8,0,399,1539,2363.9001
2008/8/28,268.246,174.098,346381.4,1260,0,432,1631,2407.7666
2008/8/29,267.588,171.186,346083.06,1260,0,430,1599,2430.8
2008/8/30,270.424,177.552,346340.16,1276.2,0,435,1619,2453.0667
2008/8/31,1500.614,210.418,345385.38,6404,2056,3733,12117,7104.2334
2008/9/1,1247.51,184.48601,345478.9,5374.8,950,521,10183,9137.833
2008/9/2,1384.154,224.634,344633.72,5963.8,4273,1206,6648,10942.233
2008/9/3,1388.486,179.288,345642.4,5930.8,1326,1902,10213,9700.434
2008/9/4,1225.22,151.872,343675.44,5262.8,2225,404,9408,8383.333
2008/9/5,873.96,147.23601,345010.44,3752,379,431,6943,6813
2008/9/6,1868.574,238.292,344649.28,7955.2,2948,6500,13400,8294.9
2008/9/7,1372.656,176.444,346447.72,5876.4,3612,1707,5976,11582.6
2008/9/8,1309.324,160.574,347589.84,5548.8,747,2293,9559,9223.066
2008/9/9,1159.654,180.67,345285.6,4988.8,236,453,7728,10910.566
2008/9/10,1300.764,166.43001,344852.03,5554.8,1009,399,10281,9990.4
2008/9/11,1028.714,192.038,344303.72,4435.6,1005,417,7644,8079.2334
2008/9/12,1392.762,178.298,345554.38,5968.2,1867,402,8738,12205.7
2008/9/13,1631.436,186.192,345779.34,6941,930,5433,11807,9020.6
2008/9/14,1576.326,193.746,345440.12,6818.4,4673,445,6538,14616.1
2008/9/15,1697.708,136.118,345968.5,7303.4,960,364,10322,16649.133
2008/9/16,1221.862,156.06,346966.2,5211.8,0,368,8249,11747.366
2008/9/17,1519.21,177.168,346545.62,6465.2,1910,3727,9371,10312.167
2008/9/18,1505.29,189.376,346071.1,6404.2,4202,357,7991,12538.167
2008/9/19,1518.846,166.768,346114.25,6449.4,1569,351,12367,11027.1
2008/9/20,1304.6,156.204,346455.53,5480,0,370,12477,8896.333
2008/9/21,1533.07,206.262,346953.84,6566.8,4010,2381,8347,10813.167
2008/9/22,1358.564,151.524,345901.2,5778.2,1014,2448,10227,8953.733
2008/9/23,1232.788,165.128,345864.03,5305.2,0,2168,7920,10458.467
2008/9/24,1718.35,173.472,345781.12,7245.6,2019,4730,10548,11342.167
2008/9/25,1131.22,173.77,346018.06,4815,1012,751,8485,8605.667
2008/9/26,1431.45,211.572,346166.8,6105,1221,370,10890,11376.5
2008/9/27,2127.446,257.04,345810.94,9012.4,4347,2584,12688,15838.434
2008/9/28,1731.104,163.968,346000.9,7314.6,1920,385,11242,15304.733
2008/9/29,1501.738,199.432,345980.2,6349.6,1014,363,10677,12974.967
2008/9/30,1375.006,155.092,346440.62,5795.6,998,360,7415,14143.767
2008/10/1,1872.364,181.256,347225.2,7894.2,2249,5800,10808,12349.066
2008/10/2,1345.342,153.676,346072.66,5686,0,367,9060,12995.367
2008/10/3,1612.58,158.598,345372.5,6833.8,4801,349,9432,12294.333
2008/10/4,2100.496,216.2,345851.12,8848.6,3462,629,12573,18344.268
2008/10/5,1549.95,146.296,345798.06,6529.2,990,3257,6071,15514.5
2008/10/6,1423.782,125.204,344331.47,6071.6,990,286,9562,12891.7
2008/10/7,1726.568,187.234,343948.12,7439.2,1016,419,9476,17865.133
2008/10/8,1860.576,152.41,345670.6,7821,1044,5126,11650,13189.6
2008/10/9,1983.682,181.9,344556.62,8369.8,1032,3064,11652,17313.367
2008/10/10,1518.338,148.044,345074.2,6389,0,389,12046,12870.634
2008/10/11,1669.386,154.848,344422.97,7064.6,2144,2335,11373,11971.1
2008/10/12,1907.94,161.806,345818.22,8085.8,2561,5822,7171,16245
2008/10/13,1461.976,147.894,346765.56,6126.2,1037,535,9483,13311.267
2008/10/14,1609.056,164.286,344470.66,6811.4,1177,442,9939,15259.6
2008/10/15,2156.896,168.462,344889.78,9112.6,1998,7042,9984,16924.268
2008/10/16,1583.68,136.84,344538.5,6712.2,951,429,8438,16576.666
2008/10/17,1866.886,153.522,345668.6,7885.2,2036,3187,9639,16252.767
2008/10/18,2239.19,162.628,345363.03,9427.8,799,1655,12146,22719.834
2008/10/19,1971.934,181.596,345661.28,8359.6,698,8010,4600,19557.566
2008/10/20,1667.554,137.812,346222.78,6998.8,844,2648,10475,13825.566
2008/10/21,2063.716,152.344,345212.2,8756.4,857,2663,11331,19544.268
2008/10/22,1646.01,149.344,346774.7,6965.2,662,2542,8487,15742.5
2008/10/23,1830.494,161.20801,346174.62,7739.4,815,1435,10587,17671.232
2008/10/24,2133.226,168.014,346195.72,9024.4,7893,2277,10284,15099.767
2008/10/25,1523.156,111.238,336621.16,6363,737,394,13433,10821.934
2008/10/26,523.492,115.53,348657.78,2158.8,0,360,2013,6351.8667
2008/10/27,523.892,128.978,348808.4,2173.2,0,402,1967,6362.533
2008/10/28,1327.29,145.076,347510.6,5548.6,2263,362,5090,14406.5
2008/10/29,1612.576,133.282,348177.03,6630.2,1037,345,4015,21479.268
2008/10/30,1098.6,123.028,348599.94,4713.6,0,345,2619,15346
2008/10/31,1285.832,104.348,347514.88,5423.6,0,312,10483,10635.533
2008/11/1,830.498,113.672,348206.75,3781,0,344,1939,11558.633
2008/11/2,910.614,120.472,348704.28,4124.2,0,346,2824,12006.9
2008/11/3,847.6,115.248,348141.78,3837.6,963,347,1892,10924.667
2008/11/4,1562.316,121.476,346755.53,6699.4,0,6214,4106,15718.6
2008/11/5,3134.93,257.82,344852.3,13304.4,7597,10409,8362,25880.834
2008/11/6,1588.438,181.468,346161.9,6806.4,1033,430,6734,18276.967
2008/11/7,1619.184,109.988,345242.56,6846.6,1032,389,10421,15144.4
2008/11/8,1733.138,133.168,344603.56,7350.8,1114,3271,6069,18431.633
2008/11/9,2578.538,210.946,343373.88,10974.2,6301,661,14348,21665.633
2008/11/10,2091.88,155.49,343661.3,8858.6,1023,355,10285,23201.666
2008/11/11,2455.95,128.08,345425.3,10344,2475,2288,14651,21518.5
2008/11/12,2186.494,158.816,345676.44,9129.4,1066,2712,9430,23233.566
2008/11/13,1238.46,125.424,347901,5223.2,0,338,6315,13988
2008/11/14,1621.738,127.894,347071.4,6848,2092,325,9929,14682.967
2008/11/15,3031.628,165.16,343633.12,12907,3952,3799,15635,27141.133
2008/11/16,2365.432,163.13,346311.56,9963.4,4791,1829,8945,23858.867
2008/11/17,1523.636,118.874,347234.3,6353.4,0,378,10590,14425.934
2008/11/18,1749.05,139.282,345458.94,7404.2,1079,369,11204,16498.834
2008/11/19,1840.238,166.452,346377.06,7794.6,1737,3026,8704,17203.633
2008/11/20,1692.336,121.192,345338.1,7177.6,1034,347,7732,19092.6
2008/11/21,1673.93,127.554,345496.8,7123,1039,348,10396,16115.833
2008/11/22,1711.368,124.868004,345213.8,7271.4,1093,882,8320,18227.8
2008/11/23,3405.324,206.944,344136.1,14463.6,3631,8823,10272,34029.4
2008/11/24,3212.998,121.618004,346117.66,13371,1063,510,13378,38598.965
2008/11/25,2702.85,150.564,346940.06,11266.4,3010,345,10471,31221.5
2008/11/26,1515.954,119.996,349057.28,6273.2,909,304,10002,14050.9
2008/11/27,2362.218,126.218,347673.62,9851.2,2491,330,12440,24109.3
2008/11/28,1885.964,128.426,350015.78,7789.8,1113,295,11361,18663.732
2008/11/29,2434.668,166.51,347386.7,10157.2,5268,2392,12386,20531.8
2008/11/30,2401.388,170.904,349019.38,10016,1161,3481,11474,23907.133
2008/12/1,1616.538,118.678,350562,6852.2,1085,309,9013,16535.3
2008/12/2,1793.444,145.908,350466.28,7509.8,0,304,11343,18243.732
2008/12/3,1755.164,124.722,350472.56,7300.2,1137,302,9664,18149.732
2008/12/4,1738.638,113.99,350586.9,7234.2,1085,281,11314,16297.3
2008/12/5,2058.618,120.026,349885.3,8593.4,831,310,9852,23317.3
2008/12/6,2523.836,188.144,347236.66,10596,4005,5749,9048,23261.934
2008/12/7,2466.74,180.224,348823.5,10306.6,3294,310,13627,23881.334
2008/12/8,1868.636,120.782,350973.53,7751.8,1117,296,13256,16474.934
2008/12/9,2003.144,132.516,350720.12,8291,1985,2553,12886,15961.733
2008/12/10,2111.02,137.006,333596.16,8726.2,1128,4144,10889,19022.666
2008/12/11,1432.522,114.916,350522.44,5935.6,1160,273,7979,14463.366
2008/12/12,1815.534,139.342,349981.94,7519.2,1157,255,12154,16692.9
2008/12/13,1825.574,163.278,347815.5,7663.4,2186,261,9271,18708.232
2008/12/14,2002.12,164.014,347936.84,8469.4,3742,2497,5415,21714.666
2008/12/15,1795.45,113.744,349976.44,7475,1178,252,9668,18826.166
2008/12/16,1797.09,114.598,351187.06,7477.4,0,253,11334,18364.5
2008/12/17,2098.786,136.216,350371.47,8755.6,4251,284,10813,19631.768
2008/12/18,1736.94,118.07,349717.06,7184.6,1125,258,11293,16273
2008/12/19,1882.112,132.154,348287.28,7891.4,1538,296,11773,17761.533
2008/12/20,2242.502,160.69,349052.47,9353.2,1132,6479,12819,16945.033
2008/12/21,2643.61,135.072,348076.9,11034.2,1099,9189,14816,18956.166
2008/12/22,2015.808,124.87,348284.88,8434.2,2157,391,10433,20615.8
2008/12/23,1798.088,151.08,348149.6,7561,2666,2115,8326,16861.133
2008/12/24,1269.6381,115.318,351303.3,5232.4,0,364,9981,10815.634
2008/12/25,1061.118,116.882,350255.62,4375.6,0,285,3598,13802.3
2008/12/26,1223.732,124.222,351869.28,5041,1121,279,7796,11199.533
2008/12/27,2972.164,118.132,350369.12,12141.8,0,244,12209,37083.066
2008/12/28,1570.642,112.248,352166.94,6364.8,1953,217,5291,18716.367
2008/12/29,555.278,91.638,352734.84,2273.6,0,218,2480,6556.6333
2008/12/30,1195.238,113.206,352278.97,4898.6,0,245,7145,12530.634
2008/12/31,1964.188,129.272,350347.12,8190.2,2975,246,11860,17655.467
2009/1/1,1406.692,112.668,349683.94,5975.8,765,3845,2803,16031.867
2009/1/2,2327.51,204.73,349495.03,9702.4,2417,6018,11841,18515.834
2009/1/3,1913.496,174.912,350901.3,7964.4,6440,328,10439,14684.6
2009/1/4,1939.994,167.338,352544.3,8111.8,1457,5251,3245,22380.232
2009/1/5,1604,128.938,352556.3,6676.2,1247,322,8650,16514.334
2009/1/6,1689.862,115.556,352933.44,6961,0,254,12462,15448.366
2009/1/7,2080.272,141.504,354298.53,8563.4,2687,3820,9979,18185.2
2009/1/8,1633.27,124.374,353305.06,6797.8,2773,299,10075,14074.167
2009/1/9,1788.702,115.572,352256.28,7462.2,1802,272,9285,18452.7
2009/1/10,2102.948,161.734,351533.5,8768,2828,4288,12539,15394.134
2009/1/11,1975.988,143.24,353565.44,8301.2,4521,5301,5887,17224.133
2009/1/12,1589.278,112.428,353558.97,6500,0,261,12147,14079.967
2009/1/13,2182.6,134.142,352020,9006.2,1140,329,16194,18713.666
2009/1/14,1776.282,120.66,351992.97,7339.2,2277,332,10301,16694.7
2009/1/15,1564.068,115.546,349950.62,6509.6,2731,390,9561,13385.8
2009/1/16,2766.554,179.92,349299.3,11578.4,5811,3158,15220,21920.232
2009/1/17,3317.82,164.544,347949.4,13793.6,2477,3154,15322,34344
2009/1/18,3154.194,209.84,349407.47,13201.4,5649,6701,12727,27492.9
2009/1/19,1699.866,119.274,350101.7,7091.2,1118,376,10279,16558.1
2009/1/20,1738.028,133.88,350495.78,7170.8,0,282,13727,14958.134
2009/1/21,1739.434,128.044,351511.47,7189.8,1148,2159,9830,15853.566
2009/1/22,1237.356,115.6,351369.16,5169.6,0,341,8246,12035.6
2009/1/23,1910.536,126.298,349587.28,7964.4,2078,295,12146,17323.268
2009/1/24,2200.77,169.974,350281.1,9203.2,5096,4492,8322,18769.5
2009/1/25,2843.664,147.766,349263.34,11738,3971,5960,11213,26250.4
2009/1/26,1674.472,113.276,350208.38,6961.6,1121,348,9821,16617.867
2009/1/27,1425.03,135.636,351270.16,6001.8,896,278,6608,15968.5
2009/1/28,2721.734,116.02,349966.4,11276.6,2301,6949,14285,21827.232
2009/1/29,1573.698,104.306,350442.5,6527,0,294,8996,16938.3
2009/1/30,2059.038,120.094,351777.38,8521.8,1622,280,12147,20268.3
2009/1/31,3312.852,238.712,349158.78,13871.8,8278,6575,15309,25052.2
2009/2/1,1807.46,149.582,343160.34,7564.8,3330,622,7494,18678.334
2009/2/2,1603.3,106.588,352619.75,6596.8,1159,232,10915,14415.667
2009/2/3,1868.39,123.01,351795.9,7695.2,703,878,14984,14574.833
2009/2/4,2460.924,151.604,352348.84,10139.6,871,6961,15960,17223.4
2009/2/5,1649.088,122.188,351151.28,6858,1104,264,12987,13129.8
2009/2/6,2048.396,126.872,350336.06,8527.2,1165,273,11716,20985.934
2009/2/7,3131.536,184.644,348553.34,13076.6,6822,4483,17873,23014.266
2009/2/8,2182.866,134.02,350430.6,9114.6,5341,259,15174,15607.101
2009/2/9,1706.6381,134.608,350383.66,7150.4,1063,228,9375,17777.967
2009/2/10,1943.822,115.832,350147.2,8041.2,1128,263,12339,18667.033
2009/2/11,2639.39,239.362,348620.5,11133,2985,10477,12195,18332.834
2009/2/12,1968.66,119.284,349792.6,8183,1109,299,17724,13679
2009/2/13,1690.022,109.186,348038.4,7044.2,1100,254,11554,15259.033
2009/2/14,2332.594,118.768,347929.94,9677,2280,3256,18509,14831.566
2009/2/15,1586.032,114.022,349695.28,6482,2465,226,5234,18508.867
2009/2/16,1318.994,111.806,348685.94,5512.6,0,261,7037,14685.233
2009/2/17,781.698,112.69,343042.78,3255.2,0,266,3925,8837.3
2009/2/18,826.45,113.064,348812.78,3392.4,0,297,5471,8006.1665
2009/2/19,737.268,99.378,347831.4,3040.6,1046,262,1796,9183.8
2009/2/20,1880.736,147.036,345874.62,7970.4,2897,293,8768,19387.6
2009/2/21,1316.184,155.402,346974.25,5481.6,2111,262,3983,15580.4
2009/2/22,2238.478,175.828,347495.47,9410,3816,8576,7133,17782.967
2009/2/23,2733.656,129.8,347386.88,11337.2,1212,3744,12471,28133.934
2009/2/24,1783.144,123.346,346878.62,7441.4,0,1602,14512,13605.066
2009/2/25,1169.844,113.07,347330.84,4914,1092,274,7359,10772.4
2009/2/26,1156.852,112.6,346654.62,4842.8,0,268,6841,12171.866
2009/2/27,2028.918,202.116,346990.6,8501,1154,246,14831,17584.3
2009/2/28,1630.75,212.588,349052.1,6961.4,1145,5358,8006,12670.167
2009/3/1,2467.626,189.112,348438.4,10392,11178,2740,8834,18375.1
2009/3/2,1477.442,135.364,348828.25,6337.6,1560,310,6684,16070.033
2009/3/3,1848.952,127.904,349772.2,7699.8,1159,268,13024,16364.866
2009/3/4,1842.13,129.434,349033.66,7772,2214,2570,8393,17525.166
2009/3/5,1441.812,112.462,348018.62,6124.8,0,271,9094,14665.2
2009/3/6,1783.474,128.956,346742.38,7579.6,1144,265,12056,16259.566
2009/3/7,1696.466,149.866,349159.16,7107.8,1055,811,12113,14295.434
2009/3/8,2357.166,194.186,348710.1,9909.8,7253,5260,12691,14082.1
2009/3/9,1685.556,136.04,349174.53,7062.4,2001,369,10336,15386.6
2009/3/10,1836.21,114.902,348232.94,7690.6,0,281,11610,18712.5
2009/3/11,2405.904,137.244,348222.5,10119.8,3476,7288,10737,18597.4
2009/3/12,1887.26,134.772,348477.72,7859.4,0,364,13655,17435.334
2009/3/13,1445.52,138.684,349570.53,6006.8,1082,311,10466,12233
2009/3/14,2149.028,155.25,348737.47,8908,2196,280,18036,15305.134
2009/3/15,1942.062,177.752,348150.4,8202.6,3478,5152,8353,15384.7
2009/3/16,1334.732,119.258,348830.72,5537.4,0,306,9273,12666.533
2009/3/17,1931.91,234.992,348417.25,8135,1110,3952,12320,14816.5
2009/3/18,1450.68,121.906,349690.5,6020.8,1123,375,12101,10579
2009/3/19,1191.532,116.412,349597.84,4931.8,0,314,9458,10086.866
2009/3/20,1463.906,130.038,349799.75,6073.6,1083,308,10618,12389.434
2009/3/21,1930.022,197.656,349319.12,8167.4,5420,682,10266,15799.033
2009/3/22,1689.17,130.28,347799.75,7128.8,2017,3778,9015,13342.833
2009/3/23,1296.45,120.122,348557.25,5456.8,1078,310,5999,14220.5
2009/3/24,1661.712,146.836,349177.1,7047.8,1710,352,10149,15484.2
2009/3/25,1838.774,194.036,350082.8,7708.4,2780,3315,10287,14264.233
2009/3/26,1211.004,119.75,349827.5,5042.4,0,312,8596,11275.4
2009/3/27,1713.926,181.074,349385.25,7221.8,1103,526,9947,16989.434
2009/3/28,2260.976,276.7,348675.28,9508.8,4527,327,12225,20603.934
2009/3/29,2216.65,137.094,349269.94,9242.4,1611,4024,9502,21807.166
2009/3/30,1477.452,131.324,349529.06,6198.8,1085,295,9901,13343.2
2009/3/31,1823.482,137.988,348721.78,7645,2202,2711,12958,12520.367
2009/4/1,1641.14,143.048,349784.7,6923.4,2807,2364,7309,14872.333
2009/4/2,1644.334,124.762,348825.1,6856.4,1128,324,13500,12453.566
2009/4/3,1363.26,132.598,348209.12,5735.4,0,326,8556,13839
2009/4/4,2191.232,199.728,347688.94,9211,2699,4172,16251,13398.533
2009/4/5,1375.716,183.012,348931.75,5921.4,3832,357,6503,12236.6
2009/4/6,1452.634,131.54,348913.66,6084.8,799,333,10141,12937.566
2009/4/7,1440.092,152.732,348464.75,6093,1103,338,9121,13439.533
2009/4/8,1534.6,161.35,348854,6520.2,2131,2827,7968,12650.667
2009/4/9,1890.472,176.936,348907.44,7869,2682,366,13482,14977.866
2009/4/10,1842.114,165.792,348529.66,7674,2057,2822,13828,11994.9
2009/4/11,2462.446,253.666,346995.72,10332.4,3661,4286,18233,14860.767
2009/4/12,2141.012,281.67,346180.75,9119.2,7498,1504,12470,14211.533
2009/4/13,1598.624,199.44,346747.03,6813,1006,5648,6209,13780.733
2009/4/14,1501.538,188.58,347748.94,6386.4,888,2341,9478,12318.634
2009/4/15,1216.062,190.886,347501.8,5199.8,1880,463,5278,12646.7
2009/4/16,1564.524,179.016,346285.5,6658.8,2896,397,9809,12973.4
2009/4/17,2042.81,171.198,347511.94,8592.4,0,5224,7655,21167.834
2009/4/18,1512.266,146.958,347106.6,6376.4,1028,2613,10699,10864.434
2009/4/19,1286.468,153.604,349428.28,5397.8,2201,376,8088,10776.134
2009/4/20,1486.51,169.502,348342.56,6240,0,2644,10476,11655.167
2009/4/21,1894.598,182.732,346533.78,7970.8,1925,375,7380,21896.633
2009/4/22,1496.198,203.908,347435.78,6296.8,1024,1203,13265,9444.634
2009/4/23,1141.46,175.454,347752.28,4899.2,1068,395,5511,12050.333
2009/4/24,1194.048,180.82,348177.72,5083,0,383,9677,9840.8
2009/4/25,2022.284,235.592,346332,8548,2007,3901,13225,14571.733
2009/4/26,1781.626,229.618,348285.5,7548.6,3053,3017,10561,13062.767
2009/4/27,1351.628,160.408,347041.78,5766,995,376,7021,14135.134
2009/4/28,1706.386,160.366,348465.78,7285,2068,371,11469,14531.767
2009/4/29,1664.68,141.616,348748.62,6996.2,1043,2492,9372,14837.667
2009/4/30,1834.762,138.056,348342.25,7666.4,1027,363,15305,13884.366
2009/5/1,1512.802,190.462,347433.25,6370.8,1067,1052,11709,11385.366
2009/5/2,1393.91,179.62,348311.38,5871.6,1430,374,9760,11667.833
2009/5/3,1608.878,179.698,348575.53,6857.2,3207,2593,7226,13788.634
2009/5/4,1667.882,146.056,347666.72,6971.6,1007,411,11374,15006.033
2009/5/5,1731.474,141.914,346778.62,7282.4,1049,5539,10166,12103.9
2009/5/6,1349.902,146.378,346891.28,5716.4,1038,1797,9058,10605.366
2009/5/7,1012.648,135.008,347289.88,4280.8,0,374,7992,8511.467
2009/5/8,1857.156,154.882,346787.72,7801.6,2226,848,15426,12452.6
2009/5/9,1261.352,182.984,347866.88,5420.8,2090,382,6605,11945.533
2009/5/10,1966.552,204.898,346902.44,8409.4,4300,6670,8692,13113.866
2009/5/11,1517.176,158.44,345961.9,6380.6,1035,457,11009,12785.267
2009/5/12,1625.956,150.022,346142.56,6867.2,0,2713,11335,13051.267
2009/5/13,1246.398,171.566,346515.8,5338.6,1419,553,7127,11674.3
2009/5/14,1606.984,151.91,345685.72,6920.2,0,4065,11499,11219.066
2009/5/15,1422.226,140.546,346978.38,6023.2,1382,494,12195,9632.767
2009/5/16,2007.378,186.502,345583.8,8475,1705,4820,12265,14666.3
2009/5/17,1543.764,226.46,346033.06,6631.8,2555,1926,7168,14080.4
2009/5/18,1209.906,154.56,346980.5,5066.2,763,374,8971,10057.1
2009/5/19,1617.344,188.884,347029.84,6770.2,3253,792,10981,11929.733
2009/5/20,1307.162,182.382,347500.38,5528.8,1061,1889,9470,9366.033
2009/5/21,1575.15,212.396,347067.5,6636.2,1553,1278,12563,10858.5
2009/5/22,1074.806,237.242,348431.8,4609.4,982,1207,8078,7646.4336
2009/5/23,1530.598,193.25,346418.53,6472,480,1844,12579,10606.967
2009/5/24,1287.786,177.2,348505.88,5429.6,45,446,10256,10716.1
2009/5/25,1354.096,183.162,343340.5,5762.6,920,966,9930,10752.267
2009/5/26,1337.674,126.172,333068.62,5812.2,1191,860,10100,10143.566
2009/5/27,1544.292,124.902,332845.88,6729.8,1052,2355,11076,11255.2
2009/5/28,1179.736,128.786,336531.4,5058.6,1502,421,9049,8690.267
2009/5/29,1242.846,147.15,347844.53,5232.2,1005,434,10112,9163.1
2009/5/30,1659.106,233.688,347275.3,7060.4,2787,1707,11557,11600.767
2009/5/31,956.89,200.616,347696.84,4156.8,1466,458,5720,8304.167
2009/6/1,1443.26,229.876,347521.12,6208.2,2789,461,11361,9443.333
2009/6/2,1090.6381,223.696,347947.62,4849.6,0,506,7892,9779.3
2009/6/3,1356.578,200.926,346184.53,5870.4,940,1370,11577,8722.634
2009/6/4,1035.66,164.662,345614.7,4440.2,1906,455,6905,7995
2009/6/5,1230.36,156.95,345403.03,5256,0,456,12515,7535
2009/6/6,1475.45,233.496,346437.84,6356.6,1769,2732,10611,9478.833
2009/6/7,1207.392,218.93001,347066.72,5225.6,2077,1641,6034,10371.2
2009/6/8,1178.776,129.36,345693.22,5100.6,1024,432,8551,9639.267
2009/6/9,1332.85,154.396,346929.88,5699.2,1000,414,10695,10105.167
2009/6/10,1602.996,159.20801,346631.16,6816.8,1032,4745,9889,11050.6
2009/6/11,1300.65,159.932,347293.53,5548.8,0,472,10610,10595.5
2009/6/12,1101.732,152.704,346949.78,4703,1009,460,7137,9756.2
2009/6/13,14.217999,3.918,7315.58,60.2,0,5,79,152.96667
2009/6/14,0,0,0,0,0,0,0,0
2009/6/15,771.908,153.828,237071.2,3332.6,916,348,5662,5939.1333
2009/6/16,1508.792,212.188,346796.9,6458.2,2983,1221,13691,7251.533
2009/6/17,988.016,192.86,347465.53,4260.8,975,611,7193,7687.933
2009/6/18,1165.7,165.954,347466.56,4906.8,0,461,11223,7744.3335
2009/6/19,1086.866,164.26,347497.3,4620.2,969,475,7737,8933.434
2009/6/20,1107.1,179.056,347737.8,4679.2,0,2657,9159,6635.6665
2009/6/21,855.142,161.526,347452.94,3646.4,1039,412,6002,6799.3667
2009/6/22,1094.098,162.124,347331.3,4634,0,449,11148,6637.967
2009/6/23,1039.214,163.872,347347.1,4428.2,1010,1261,8186,6863.2334
2009/6/24,1534.874,194.322,346373.53,6503.2,3059,1239,14275,7008.2334
2009/6/25,771.362,183.966,347296.25,3332,0,495,6224,6137.033
2009/6/26,1277.322,238.866,346378.72,5531,1826,538,9952,8972.7
2009/6/27,1709.052,271.624,348212.38,7240.6,2663,2432,13468,9921.2
2009/6/28,1059.394,277.824,348247.34,4621,0,1421,6742,9493.566
2009/6/29,1010.134,236.026,348327.12,4358,1794,598,6462,7981.567
2009/6/30,1192.446,283.15,348398.78,5244.8,582,1034,8989,9269.1
2009/7/1,1218.342,265.742,348205.38,5251.6,989,590,9747,8979.7
2009/7/2,1242.578,276.318,348432.12,5349.6,637,603,8032,11437.634
2009/7/3,864.148,245.996,348369.62,3794.6,856,642,7371,5533.467
2009/7/4,1238.568,373.902,347252.34,5535.6,2084,2329,6791,9438.8
2009/7/5,1410.736,383.148,347680.2,6206.8,3215,1438,8014,10845.267
2009/7/6,954.26,270.97202,348139.4,4178.6,429,755,7142,7578.3335
2009/7/7,1110.136,256.638,347963.06,4901.4,1292,3619,5704,7887.2666
2009/7/8,1234.4,221.196,347909.4,5315,0,3514,9308,7751.3335
2009/7/9,846.252,194.65201,349331.22,3761,0,656,4783,8665.2
2009/7/10,1187.118,217.23,347866.22,5055.4,988,2624,7492,8681.3
2009/7/11,993.968,249.472,348789.3,4346.2,981,683,7756,7146.1333
2009/7/12,513.478,191.48,348919.12,2305.4,0,589,4060,3908.9666
2009/7/13,496.746,196.526,349268.4,2250,0,594,3881,3804.1
2009/7/14,911.43,266.574,348775.75,4054,2303,618,6155,6114.5
2009/7/15,718.074,189.692,348374.72,3121.2,878,932,5820,4337.9
2009/7/16,599.554,259.326,348648.44,2701.6,0,1724,3902,4366.5664
2009/7/17,731.808,179.134,347896.25,3161.2,0,626,6670,4900.8
2009/7/18,966.41,218.338,348489.03,4154.2,0,663,5389,10054.833
2009/7/19,1203.644,259.25,348547.12,5077.2,0,598,5058,14404.733
2009/7/20,662.486,217.864,348252.28,2949,914,784,4948,4395.4336
2009/7/21,813.762,266.7,349232.94,3600.8,0,981,7795,4786.7
2009/7/22,739.532,238.48,348594.38,3258,0,681,3965,7679.533
2009/7/23,1030,218.91,348398.38,4396,926,622,9064,6554.6665
2009/7/24,561.738,208.536,348121.2,2529.4,0,630,4128,4604.3
2009/7/25,536.688,195.46,348619.78,2422.4,0,577,3716,4651.8
2009/7/26,543.016,239.798,349426.66,2473,0,1019,3799,4232.2666
2009/7/27,688.566,321.95,349240.44,3142.2,0,2062,5202,4212.1
2009/7/28,902.85,252.766,348798.84,3986,0,4899,4353,5795.5
2009/7/29,902,185.468,347760.7,3904.4,869,749,7549,5866.3335
2009/7/30,792.326,198.206,349112.2,3471.4,0,2304,4040,6861.433
2009/7/31,975.83,228.246,348294.34,4323.2,865,3423,6302,5673.8335
2009/8/1,706.966,242.662,347764.34,3178.6,0,844,6248,4690.7666
2009/8/2,489.724,205.492,346955.9,2258.6,0,637,3539,3986.0667
2009/8/3,500.298,197.3,348364.9,2254.4,0,605,3811,3922.3
2009/8/4,508.892,196.38,348878.12,2317.6,0,607,3871,4003.5332
2009/8/5,518.652,207.894,348922.9,2368,0,620,4042,3982.2
2009/8/6,532.672,214.786,347369.4,2415.4,0,659,4193,4025.8667
2009/8/7,539.296,221.29,347555.22,2442,0,668,4232,4088.2666
2009/8/8,526.472,214.068,348087.03,2390,0,646,4093,4035.5332
2009/8/9,998.234,284.326,348551.16,4402.4,1984,2380,5154,7119.2334
2009/8/10,1069.358,298.248,347081.03,4719,0,3719,6012,8091.6333
2009/8/11,950.954,307.45,348251.75,4246.2,857,1467,6577,6948.2334
2009/8/12,824.436,272.552,348203.9,3678.2,912,689,4991,7148.6
2009/8/13,606.842,113.586,132279.3,2625.4,1215,3702,1709,3488.0332
2009/8/14,748.676,241.328,347298.6,3287.8,429,850,4647,6551.933
2009/8/15,1514.062,384.762,346890.75,6632.4,3437,1852,8922,11023.366
2009/8/16,1217.712,409.052,346350.03,5464,1604,1094,5691,11906.2
2009/8/17,785.908,251.462,347357.44,3480.6,1,813,6261,6023.467
2009/8/18,1080.598,246.724,346790.12,4691.8,2306,1440,6324,7939.967
2009/8/19,880.742,262.994,347819.88,3925.4,896,812,6044,6927.033
2009/8/20,775.722,260.89,347163.28,3489.6,0,883,6138,5907.7
2009/8/21,1161.746,262.362,346480.94,5044.8,3043,887,7527,7905.4336
2009/8/22,1548.738,417.834,347217.47,6855.4,4544,3203,8549,9516.3
2009/8/23,1066.708,371.828,347839.88,4795.8,949,819,6994,9016.467
2009/8/24,1252.254,285.104,347134.38,5431.4,2279,737,8247,9607.9
2009/8/25,943.61,276.826,347774.2,4160.4,1140,755,6291,7540.8335
2009/8/26,1136.546,269.214,348159.53,4943.2,2131,1516,7860,7435.4336
2009/8/27,749.466,251.206,347958.9,3337.4,0,664,4283,7544.1
2009/8/28,1118.842,246.89,346859.2,4856,1778,1125,7485,8259.366
2009/8/29,1388.414,315.52,347004.47,6024.2,905,1483,11707,9045.233
2009/8/30,1668.342,294.084,347157,7171.6,2653,1363,10648,13141.7
2009/8/31,1265.522,219.318,343789.78,5504.2,960,678,9974,9480.033
2009/9/1,980.536,217.072,347358.38,4311.4,0,697,6073,9572.267
2009/9/2,1222.814,207.858,348217.6,5239,947,659,9921,8853.233
2009/9/3,1251.188,213.438,347515.3,5417.4,3319,3099,5011,9424.134
2009/9/4,1024.388,181.064,348498.53,4401,0,636,8095,8342.134
2009/9/5,1513.866,270.068,346838.8,6524.4,2988,2248,10433,9562.1
2009/9/6,1228.63,220.532,348278.88,5277.8,995,588,9031,9863.167
2009/9/7,1221.458,201.492,348064.72,5241,2196,577,8299,9285.634
2009/9/8,1086.254,200.204,347546.3,4643,1002,577,8533,7992.2334
2009/9/9,1521.344,223.572,347484.25,6467.4,964,3832,10671,9888.733
2009/9/10,1112.354,202.392,347369.7,4765.2,928,600,6508,10503.233
2009/9/11,1214.146,183.378,347256,5134.4,0,631,11693,7911.7666
2009/9/12,2064.358,325.196,346618.16,8845.2,9583,1202,12601,11019.967
2009/9/13,1570.302,271.192,345719.75,6746.2,4146,612,10170,11243.7
2009/9/14,1574.858,239.666,347726.8,6706.8,2843,603,9091,13710.634
2009/9/15,1456.806,184.276,347029.03,6170.4,1769,560,8644,13307.1
2009/9/16,1743.162,197.746,345933.06,7415.6,1035,3470,13384,11163.7
2009/9/17,1223.426,167.282,347559.34,5199.6,0,563,9710,10117.434
2009/9/18,1374.032,169.212,347182.84,5815.6,1993,652,9151,11104.533
2009/9/19,2135.71,263.492,346109.78,9013.6,1607,4050,14845,15093.167
2009/9/20,2035.328,295.694,347465.44,8674.6,4532,2466,11935,14989.133
2009/9/21,1417.868,214.166,347403.88,6049.8,921,604,10844,11262.134
2009/9/22,1246.536,207.256,347302.12,5326.8,937,597,8502,10739.6
2009/9/23,1636.61,235.964,346675.12,6947.6,2085,978,12884,11329.833
2009/9/24,1426.258,224.076,346157.62,6098.4,1051,621,10374,11724.967
2009/9/25,1161.016,207.896,347649,5016.4,0,594,9694,9062.267
2009/9/26,1556.254,288.042,347297.06,6602.8,1943,571,14581,8842.566
2009/9/27,1410.472,230.484,347359.4,6048.8,1817,4571,8554,8565.866
2009/9/28,1299.456,193.198,348085.94,5465.4,0,603,10797,10257.6
2009/9/29,1146.398,199.878,346892.2,4887.2,1031,603,7322,10150.634
2009/9/30,1772.736,212.276,346208.56,7524.4,970,8080,9196,11299.6
2009/10/1,1287.252,185.416,347802.5,5452.8,950,602,9433,10469.2
2009/10/2,1152.668,183.156,346692.78,4876,0,570,10142,8499.134
2009/10/3,1716.74,255.396,346516.34,7272.6,3644,920,14480,9568.333
2009/10/4,1621.106,225.21,346606.38,6933.8,3189,3499,8980,11350.434
2009/10/5,1275.522,161.54,347357.56,5326,984,542,7983,11749.7
2009/10/6,1428.448,179.276,347299.28,6006.2,1,543,8806,14457.467
2009/10/7,1821.834,207.422,347345.22,7688.2,734,4334,9908,15387.9
2009/10/8,1577.166,186.614,347140.47,6600.8,2091,619,11568,12008.1
2009/10/9,1351.862,188.418,346766.62,5693.2,0,559,10718,11254.033
2009/10/10,2012.756,255.622,345256.4,8535.2,4510,570,14811,13654.934
2009/10/11,1938.284,268.614,346293.97,8269.8,4111,6454,8648,13091.733
2009/10/12,1351.604,157.714,345922.3,5714.8,997,515,9420,11594.733
2009/10/13,1449.1,165.392,345956.1,6119.6,983,530,9530,13108.667
2009/10/14,1711.224,175.09,345253.62,7206.6,2001,3131,10013,13375.4
2009/10/15,1489.976,139.632,347215.88,6227,1629,463,9641,13099.934
2009/10/16,1516.86,145.384,345954.25,6357.8,0,482,11136,13663
2009/10/17,2742.08,261.152,344002.4,11585.6,5490,4364,18326,17521.334
2009/10/18,1556.164,142.644,346681.22,6480.8,712,499,11144,13581.066
2009/10/19,1369.108,134.358,348854.75,5692.4,1104,457,8227,13030.467
2009/10/20,1722.808,151.558,349239.62,7164,760,450,11005,16498.467
2009/10/21,1969.506,192.17,348922.1,8227.2,2031,5916,8569,16309.1
2009/10/22,1399.71,155.85,349076.1,5821,0,492,11074,11762.5
2009/10/23,1757.45,196.704,347178.66,7408.6,3180,495,11696,13919.833
2009/10/24,2614.408,218.464,345446.2,11028.2,6202,518,15941,20912.467
2009/10/25,2406.536,243.182,345492.78,10181.2,3010,6181,13691,17226.934
2009/10/26,1112.344,160.216,347803.8,4664.4,475,468,5788,11808.066
2009/10/27,1116.756,173.798,347389.6,4708.8,579,449,8367,9217.6
2009/10/28,1268.708,164.972,347627.75,5312.8,1044,463,9318,10320.134
2009/10/29,1981.44,251.842,346099.47,8428.8,765,4125,5677,22457
2009/10/30,1493.358,168.534,347731.7,6267,1779,2005,8828,12277.3
2009/10/31,1875.942,171.058,346347.44,7851.8,1773,2514,14637,12341.7
2009/11/1,1843.168,221.902,346930.8,7759.2,1970,470,12215,16064.467
2009/11/2,1504.226,170.082,347449.84,6337,1881,471,7490,15228.434
2009/11/3,2266.688,241.762,347244.38,9549.8,2009,3951,9025,22793.133
2009/11/4,1801.8,172.428,348592.5,7532.4,1075,4008,12246,12701
2009/11/5,1560.466,159.064,347998,6535.6,1105,532,9868,14502.767
2009/11/6,1390.45,169.354,349298.16,5804.6,0,442,11326,11406.167
2009/11/7,1557.176,197.68,348305.16,6495,2187,408,10014,13343.934
2009/11/8,2508.002,226.688,350280.56,10429.6,4941,2075,14871,19913.033
2009/11/9,1404.752,177.874,350507.8,5891.2,1125,430,7621,14236.533
2009/11/10,1606.184,167.302,349201.4,6693.4,1118,432,11788,13431.733
2009/11/11,2040.48,223.068,349014.75,8603.6,2338,5105,11214,15351
2009/11/12,1463.066,153.198,348777.62,6124.8,1486,429,9403,13066.434
2009/11/13,1532.926,156.932,347379.4,6417.2,1856,407,9178,14107.767
2009/11/14,2560.456,245.848,345920.25,10733,4169,2411,18868,17226.268
2009/11/15,1967.308,211.148,346068.53,8321,991,5278,9446,17073.467
2009/11/16,1514.468,157.194,348314.22,6340.6,2021,545,9354,13321.134
2009/11/17,1708.294,167.628,349431.25,7075.4,0,453,11616,16402.566
2009/11/18,2639.174,203.88,347467.2,11067.6,6012,7655,13787,16532.234
2009/11/19,1474.848,149.054,349884.1,6121.6,0,481,10936,13163.8
2009/11/20,1961.016,146.026,347878.62,8196.8,843,407,12816,18617.6
2009/11/21,2496.856,211.304,346494.06,10484.8,5694,1997,12553,21370.266
2009/11/22,2450.976,222.638,347151.88,10358.2,6774,411,16097,17567.6
2009/11/23,1471.122,148.338,349549.5,6100.8,0,402,8230,15886.7
2009/11/24,2128.856,153.82,348446.2,8899,2491,4579,9086,19324.934
2009/11/25,1980.13,175.476,347297.44,8309.2,745,5083,10596,16578.166
2009/11/26,1599.626,141.542,349406.6,6640.2,2262,407,10069,13922.434
2009/11/27,1380.026,133.052,348276.7,5704,0,396,11599,11005.434
2009/11/28,1858.95,225.218,347898.88,7784.8,3199,386,14350,13047.5
2009/11/29,1650.962,191.056,350364.56,6878.4,1073,3061,7828,15554.033
2009/11/30,1745.19,153.382,351020.6,7232.2,1080,361,12039,15606.5
2009/12/1,1756.378,141.874,349391.75,7312.8,0,354,10821,18097.967
2009/12/2,2345.668,170.23,348003.8,9820.4,1143,7052,12851,18048.467
2009/12/3,1479.688,145.222,350329.1,6182.4,1039,402,9906,13314.467
2009/12/4,1711.294,183.222,350475.4,7178.6,1158,352,9134,17877.566
2009/12/5,2351.762,274.112,347470.22,9968.4,3822,351,13324,21699.033
2009/12/6,2378.288,291.892,347427.75,10056,2850,4175,12420,20193.133
2009/12/7,1742.638,165.088,349262.78,7294.8,1132,358,10291,17262.967
2009/12/8,2006.884,179.192,350972.75,8338,1108,350,15376,16614.066
2009/12/9,1802.356,187.594,349066.53,7559.8,2054,3355,7971,16659.268
2009/12/10,2054.286,223.124,347682.5,8583.4,2823,349,15399,15667.1
2009/12/11,1784.462,219.624,351779.22,7388.4,1546,385,11251,16559.033
2009/12/12,1816.38,248.73,352712.1,7576.2,1087,4120,8198,16868
2009/12/13,2138.814,222.19,352076.53,8877.4,3984,417,13178,18067.9
2009/12/14,1794.862,151.982,354454.28,7376,1090,2280,10742,15802.367
2009/12/15,1940.116,162.344,354302.2,7941,1111,392,14084,16748.268
2009/12/16,1394.874,154.43,355990.84,5750.4,1143,2943,8104,11057.9
2009/12/17,1717.182,148.97,355527.56,6971.4,0,308,14395,13916.7
2009/12/18,1744.706,160.418,355096.6,7154.4,1195,304,11466,16113.434
2009/12/19,2204.334,137.608,354145.75,8989.8,1165,2662,13681,19230.9
2009/12/20,1144.166,122.1,356306.4,4672,1237,313,7795,9724.434
2009/12/21,2034.966,171.948,354829.28,8320.8,3293,282,11473,18868.1
2009/12/22,1888.022,153.362,353863.34,7726.6,0,285,15829,15353.033
2009/12/23,1455.2,135.416,355505.72,5934.8,1143,284,11205,11621.333
2009/12/24,2905.894,203.66,354002.56,11942.8,5184,5575,15198,22474.566
2009/12/25,2127.648,192.384,350767.16,8823.8,3371,3895,14288,13906.8
2009/12/26,2183.618,160.884,349150.62,9081.2,1186,4294,16047,14866.634
2009/12/27,2195.452,207.164,349439.1,9165.2,4218,318,12450,19604.867
2009/12/28,2094.098,181.668,351039.75,8688,2175,2063,14934,15729.633
2009/12/29,2047.968,242.05,350183.53,8514.2,1260,346,10205,22321.8
2009/12/30,2451.11,266.794,347115.22,10322.6,5284,4539,12484,18544.834
2009/12/31,2211.892,186.612,346980.7,9218.4,0,387,19409,17068.867
2010/1/1,1224.252,165.336,349294.62,5093.4,2304,327,3558,14215.2
2010/1/2,1308.836,199.416,352090.47,5488,801,298,6424,14290.934
2010/1/3,2083.454,191.61,350992.12,8703.6,3842,4920,10074,15888.233
2010/1/4,1604.132,156.404,353806.72,6623.2,0,292,10812,15631.533
2010/1/5,2219.78,148.936,352110.28,9139.8,1785,293,16468,18450.334
2010/1/6,1777.18,152.08,353138.12,7361.4,1731,3256,11359,13273.667
2010/1/7,1769.442,115.024,352668.34,7300.4,1198,255,12936,15101.7
2010/1/8,1797.208,159.78,351942.94,7418,0,994,12531,16428.467
2010/1/9,2336.9,199.4,351172.4,9696.2,2781,4855,14734,16578.334
2010/1/10,2508.466,227.17,351130.5,10406,3564,2032,14108,22103.768
2010/1/11,1518.684,156.206,354339.53,6242.6,1251,340,10279,13441.4
2010/1/12,1282.538,132.324,218116.34,5336.8,552,3489,9569,7765.6333
2010/1/13,0,0,0,0,0,0,0,0
2010/1/14,618.488,70.262,72588.14,2587.4,1890,84,1893,6441.1333
2010/1/15,2196.76,218.29,350965.1,9122.4,1957,2952,13546,18157.666
2010/1/16,2150.112,242.518,349985.12,8956.4,2605,2415,13652,17163.2
2010/1/17,1906.556,188.98601,349261.94,7951,1992,298,15044,14441.934
2010/1/18,1881.098,191.772,350836.38,7807,617,295,12981,17458.633
2010/1/19,2433.508,161.754,349953.28,10086.6,2044,653,19311,18550.467
2010/1/20,2351.728,199.86,349575.03,9807.4,2317,3341,14563,18974.467
2010/1/21,2137.856,185.42,349849.8,8873.2,894,449,16451,17836.934
2010/1/22,1790.626,156.858,348264.25,7463.8,699,352,14512,14280.767
2010/1/23,2608.51,260.356,346552.03,11030.4,3154,4086,16021,20214.166
2010/1/24,2269.42,175.238,348114.5,9511.4,3496,2760,11046,20521.666
2010/1/25,1930.51,147.674,349774,7992,1368,455,16136,14216.167
2010/1/26,2067.564,130.93001,350408.84,8501,526,395,16243,17295.4
2010/1/27,2760.902,148.762,348460,11505.8,2044,6403,18154,19414.033
2010/1/28,2110.234,158.52,350278.62,8731.2,2032,504,14987,17647.566
2010/1/29,2092.99,147.674,350831.25,8609.2,1488,851,18061,14483.167
2010/1/30,2842.728,235.996,348594.34,11962.4,3240,7544,17891,18703.8
2010/1/31,1799.196,171.516,350499.8,7491.2,1715,1380,12569,14322.6
2010/2/1,1693.778,124.784,350829.72,6995.2,1111,367,14623,12128.634
2010/2/2,2157.432,131.168,350399.25,8853.6,0,382,21536,14039.2
2010/2/3,2903.014,183.692,349038.84,12052.8,2234,8423,21130,16596.566
2010/2/4,2316.27,141.848,348625.12,9567.2,1074,532,23743,13255.5
2010/2/5,2098.892,142.978,348395.4,8748.6,902,474,18008,15597.533
2010/2/6,2712.986,296.614,347172.6,11423.8,4324,2209,17857,20826.434
2010/2/7,1625.708,162.466,349465.62,6806.6,2736,3837,5546,14976.134
2010/2/8,2582.238,139.75,348475.38,10666.8,1161,431,19764,21681.3
2010/2/9,2420.932,139.712,350136.53,9965,1214,410,19769,18955.867
2010/2/10,1944.542,141.622,348885.62,8071,1219,2976,12214,16000.033
2010/2/11,1369.768,124.15,352097.84,5626.6,0,330,9916,12583.467
2010/2/12,1892.998,132.282,350821.88,7787.6,1241,312,15211,14785.967
2010/2/13,2351.556,144.794,349760.28,9711.4,1838,5292,18710,13352.6
2010/2/14,1686.698,124.61,349883.53,6951.4,1223,318,13190,13380.634
2010/2/15,2097.132,131.27,350563.38,8701,3468,332,16065,15087.2
2010/2/16,1797.756,119.606,351005.4,7413.6,1945,317,12820,14880.6
2010/2/17,2054.56,119.56,348979.4,8555.4,2294,6636,10101,15211.667
2010/2/18,1761.156,140,350767,7255,965,385,14884,13118.6
2010/2/19,1953.572,135.15,348058.66,8142,2124,397,14543,15495.533
2010/2/20,1983.728,151.248,348176.12,8273.6,3748,382,14470,14462.134
2010/2/21,2740.314,167.45801,346500.53,11575.2,5905,8142,17083,14541.9
2010/2/22,1474.036,160.624,346434.47,6213.6,1393,2167,10159,10848.267
2010/2/23,1461.28,168.058,348457.94,6126.6,0,3001,8806,12547.667
2010/2/24,1914.278,150.128,347710.75,7953.2,2260,1682,14315,13647.634
2010/2/25,1880.204,130.878,347015.75,7784.4,0,474,15120,15742.733
2010/2/26,2120.156,139.31,346212.9,8840.6,1146,2454,14821,16914.934
2010/2/27,1765.056,152.39,347824.03,7417.2,3743,441,14358,10875.6
2010/2/28,711.666,134.068,349297.16,2968.2,0,487,2952,8422.1
2010/3/1,1298.728,130.076,348224.8,5411.2,1785,471,7115,12274.467
2010/3/2,766.906,136.396,348122.97,3204.8,0,424,3605,8752.767
2010/3/3,935.834,120.934,347344.47,3935.6,0,425,7221,7951.2334
2010/3/4,682.88,125.954,349908.9,2890.4,0,436,2928,8017.3335
2010/3/5,1133.726,135.416,350620.28,4703.4,1108,351,5918,11518.434
2010/3/6,794.712,139.558,349965,3321.6,0,419,3970,8856.2
2010/3/7,1372.472,133.948,350714.5,5712,0,4674,3679,14521.533
2010/3/8,2557.098,252.338,351035.4,10691.2,4214,7645,15971,14788.3
2010/3/9,1760.112,168.078,350679.6,7316.2,846,397,10893,17199.2
2010/3/10,1822.632,130.298,350734.75,7483.6,1167,375,14916,13919.2
2010/3/11,1951.09,152.388,349461.28,8120.8,2071,320,15706,14421.167
2010/3/12,1645.424,148.71,349939.5,6800,1691,411,14076,11245.733
2010/3/13,2383.01,265.362,348475.6,9943.2,2848,5534,17973,13361.833
2010/3/14,1566.714,200.632,348460.28,6616.6,3464,918,7101,14628.9
2010/3/15,1791.85,164.312,348905.88,7456.8,778,436,15053,13597.167
2010/3/16,1542.65,167.73601,347817.72,6423.8,0,457,10083,15170.833
2010/3/17,2009.13,185.748,347963.53,8392,1136,5851,13105,13393.5
2010/3/18,1562.682,166.214,347763.25,6548.2,1147,570,10845,13482.7
2010/3/19,1663.384,189.478,347651.22,6920.6,0,596,12591,14536.066
2010/3/20,131.732,23.228,56252.87,549.6,0,25,969,1201.5333
2010/3/21,917.282,86.87,149303.06,3891.2,1670,2807,3680,7131.033
2010/3/22,1618.59,171.556,347556.66,6749.4,1142,557,13859,11418.5
2010/3/23,1822.162,186.634,347279.47,7733.4,2892,1153,13107,13217.366
2010/3/24,1994.752,209.558,346643.53,8354.8,1075,5832,12817,13521.867
2010/3/25,1679.884,186.758,348861.8,6974.2,0,611,13797,13590.066
2010/3/26,1651.284,205.882,347765.8,6910.2,1078,682,12547,13214.4
2010/3/27,1847.97,195.092,346194.1,7766.6,1067,3080,12483,14169.5
2010/3/28,1798.214,260.428,347577.9,7666.4,1083,7895,7118,13874.233
2010/3/29,1622.738,207.082,347791.1,6806,0,636,15420,10989.634
2010/3/30,1906.454,280.718,347161.84,8116.6,1760,571,13765,15678.233
2010/3/31,1923.802,201.578,345879.62,8154.6,1067,6313,12041,12642.366
2010/4/1,1687.44,144.464,348126,7025.8,1780,517,14393,11434
2010/4/2,1648.622,152.906,349593.88,6816.2,0,483,13074,13920.033
2010/4/3,1805.278,206.65,350279.9,7446.2,1778,648,17694,9967.967
2010/4/4,1690.3881,238.976,348116.3,7093,1097,831,12687,13558.134
2010/4/5,1118.82,165.42,350863.4,4707,1755,1436,5503,9953
2010/4/6,1825.852,170.614,349551.53,7572.8,1154,613,12476,16187.866
2010/4/7,1596.982,184.526,348236.97,6689.4,1077,3440,11362,10737.366
2010/4/8,1649.22,165.142,348472.56,6853,145,669,13322,13351
2010/4/9,1233.35,162.482,349319.34,5141.6,1088,566,10595,8306.833
2010/4/10,1190.208,179.52,347447.3,5020.2,1044,960,8933,8899.8
2010/4/11,1602.8099,175.008,347507.38,6815,5499,554,8850,11810.5
2010/4/12,1439.426,157.73,348489.28,5996.6,660,611,11949,10770.434
2010/4/13,1512.704,171.14,348098.6,6324.8,1097,646,13033,10435.733
2010/4/14,1660.364,179.198,347580.88,6979.6,1132,5871,9194,11475.733
2010/4/15,1872.178,167.336,346827.16,7812.6,2526,658,15667,12351.967
2010/4/16,1562.062,170.38,348468.25,6553,2837,592,12623,9982.366
2010/4/17,1557.712,149.862,347479.44,6549.2,553,3124,12571,9713.867
2010/4/18,1476.106,148.232,346580.97,6164.4,1104,618,12550,10329.767
2010/4/19,1708.594,166.404,347414.12,7146.6,1230,4255,13474,9517.566
2010/4/20,1833.628,175.902,346719.25,7677,1388,719,16668,11785.467
2010/4/21,1579.914,158.406,348379.25,6560.8,0,635,12902,12794.9
2010/4/22,1460.904,186.65,346674.28,6143,1062,653,12492,10141.4
2010/4/23,1180.536,177.164,347922.6,4946.8,0,623,10981,8071.6
2010/4/24,1518.418,306.838,347783.22,6603,4445,1483,8223,11155.967
2010/4/25,1542.742,238.99,346552.66,6511,0,2350,7595,15767.366
2010/4/26,1082.716,166.42,347373.2,4563.6,1038,460,7635,8912.267
2010/4/27,1250.94,162.28,348589.38,5206.8,0,545,8539,11765
2010/4/28,867.858,182.684,349228.56,3673.6,0,578,6035,7851.3
2010/4/29,1103.724,173.714,348882,4602.4,12,679,8102,9602.4
2010/4/30,1118.628,208.394,348217.44,4785,2695,659,6969,8320.8
2010/5/1,1320.158,192.524,346531.9,5659,1984,4885,6751,8382.634
2010/5/2,2187.91,233.98,346159.1,9248.4,1858,7966,14454,12187.167
2010/5/3,1411.302,153.192,341549.62,5988.8,980,534,11825,10182.7
2010/5/4,1516.96,154.24,339893.3,6483.6,0,1018,12007,12257.667
2010/5/5,1805.308,129.2,339992.06,7725.8,2969,2194,12183,12742.467
2010/5/6,1299.25,118.704,339824.3,5504,0,301,10280,11073.167
2010/5/7,1644.004,145.164,341994.1,6934.6,1053,332,13602,12413.066
2010/5/8,1533.422,173.222,348331.72,6458.8,3569,2435,10158,9395.033
2010/5/9,1566.51,205.384,347617.9,6679.4,2888,2636,9945,10639.5
2010/5/10,1467.892,144.298,347037.72,6134.6,0,403,12893,11168.866
2010/5/11,1571.368,152.3,349031.62,6543,1156,345,11418,13270.467
2010/5/12,2035.418,159.798,348071.94,8482,1036,4434,16362,12091.634
2010/5/13,1552.496,153.884,349618.7,6443.8,2123,1477,10527,11747.934
2010/5/14,1722.146,159.884,348576.8,7174,1045,334,16764,10559.434
2010/5/15,1944.772,232.944,348627.9,8221.4,3347,336,13670,15059.866
2010/5/16,2100.426,164.382,347002.06,8862.4,3361,3922,11888,15836.1
2010/5/17,1628.182,147.376,347558.78,6801.4,1014,367,15344,10411.366
2010/5/18,1421.184,149.652,347790.06,5930.4,0,370,11677,11639.4
2010/5/19,1426.752,151.254,347905.5,6013.8,2122,659,9864,11134.2
2010/5/20,1153.898,139.14,349129.12,4831.6,0,369,10101,8761.634
2010/5/21,1294.396,167.694,348133.03,5468.8,1073,381,10113,10006.267
2010/5/22,2095.772,212.698,344956.47,8865.4,2278,2441,17454,12756.533
2010/5/23,1487.556,253.1,346594.1,6333.2,864,416,9541,13971.6
2010/5/24,1341.332,228.04,347090.53,5718.4,1875,2467,7746,10267.533
2010/5/25,1198.626,203.866,345978.78,5171,474,451,10439,8613.1
2010/5/26,1387.884,241.61,344942.2,6026.4,914,4500,8530,9187.4
2010/5/27,1323.342,195.836,345486.16,5632.2,932,443,10669,10011.7
2010/5/28,1398.1641,162.47,345657,5902.6,1020,413,11616,10253.733
2010/5/29,2049.808,205.612,345890.47,8698.4,4057,400,16635,13071.467
2010/5/30,1665.7,176.892,346272.5,7059,2405,2976,9708,12672.667
2010/5/31,1340.462,145.874,346593.9,5721.2,1710,2171,10461,7999.033
2010/6/1,1268.964,136.97,346378,5354.2,970,400,11858,7921.4
2010/6/2,980.898,129.238,346084.5,4198.8,0,656,8454,7238.3
2010/6/3,1394.186,164.036,345952.1,5982,2916,451,12304,7565.4336
2010/6/4,1420.554,185.244,346002.7,6052.8,1695,397,12517,9066.9
2010/6/5,2009.644,293.99,347184.56,8777,10932,1253,12223,9086.066
2010/6/6,1746.792,291.186,347647.12,7615,7609,574,11365,9565.2
2010/6/7,1012.08203,184.11,348956.72,4367.4,1821,488,6737,7822.033
2010/6/8,1362.034,198.334,347150.66,5808.6,1513,821,11374,8992.566
2010/6/9,1534.682,182.534,347308.9,6544.4,2774,4269,8255,10280.033
2010/6/10,1215.19,173.226,348040,5171.8,0,474,10870,8909.167
2010/6/11,1470.672,218.57,347692.75,6354,3439,468,11728,8876.2
2010/6/12,1973.108,271.672,345869.16,8414.8,2705,3657,16184,10339.134
2010/6/13,1674.356,253.716,347332.22,7286.4,4922,2516,9096,11371.934
2010/6/14,1217.984,178.64,347928.25,5203.8,958,473,10336,8532.733
2010/6/15,1223.966,179.096,346900.75,5217,0,488,10144,9767.434
2010/6/16,1768.092,183.078,346682,7464.6,1875,4999,10336,12258.2
2010/6/17,1028.018,168.268,346215,4393.4,0,488,8510,8135.6333
2010/6/18,1332.316,171.418,346353.72,5682.2,977,454,11977,8797.267
2010/6/19,1416.22,210.808,348053.25,6068.4,2385,1803,9554,9861.667
2010/6/20,1672.55,144.08,346043.28,7091.2,1021,4195,12337,10322.833
2010/6/21,1660.89,169.68,346973.75,7124.6,3824,3525,11179,9153.5
2010/6/22,1520.588,209.434,346586.28,6597.6,968,6176,9230,8969.134
2010/6/23,1442.064,296.482,345597.97,6311.8,5740,1500,10188,6606.4
2010/6/24,1095.78,230.782,346765.66,4715.4,973,883,8090,8317
2010/6/25,1099.438,218.734,346364,4782.4,0,689,10466,7168.967
2010/6/26,981.62,294.49,347752.6,4323.8,921,1221,7939,6279.3335
2010/6/27,1139.964,304.71,345524.38,5018.8,2665,764,7690,7880.4
2010/6/28,1471.34,280.888,346217.78,6296.4,0,809,12516,11197.333
2010/6/29,1367.296,322.716,345848.94,5988.6,1746,1978,8263,10801.267
2010/6/30,1384.136,238.588,346479.78,5895,398,806,5214,16650.934
2010/7/1,1349.002,288.452,344612.47,5834.8,877,921,7438,13247.366
2010/7/2,1140.928,297.298,345067.38,5032.8,822,932,6337,10924.467
2010/7/3,1120.074,314.906,347524.25,4926.6,0,968,6151,11548.9
2010/7/4,1538.088,280.146,346081.62,6569,860,804,6597,17373.8
2010/7/5,1113.99,233.846,347302.88,4797.2,841,837,6913,9975.5
2010/7/6,1005.934,192.292,346362.78,4328.2,0,771,8451,7543.567
2010/7/7,834.788,209.536,346546.72,3667.2,879,760,5762,6512.1333
2010/7/8,1212.652,246.894,346037.94,5226.4,857,1350,8459,9544.866
2010/7/9,1083.478,314.074,346741.22,4785.4,0,625,5356,12076.967
2010/7/10,1154.504,281.282,345690.03,5054.8,907,1240,8921,8173.7334
2010/7/11,1193.572,302.624,345274.5,5253.2,848,594,7781,10669.866
2010/7/12,1109.574,285.912,345914.84,4892,1724,646,6444,9678.9
2010/7/13,1382.114,287.72202,346312.5,6106.2,2273,2826,7894,10042.233
2010/7/14,1409.472,248.48,346092.38,6135.2,1064,598,7575,14254.2
2010/7/15,1633.162,192.324,345892.34,6889.2,1071,2179,8203,15766.366
2010/7/16,820.056,196.728,347262.25,3581.4,0,568,3854,9245.6
2010/7/17,806.352,181.35,347305.25,3490.8,0,541,6094,6804.2
2010/7/18,812.038,169.93,347688.28,3481.4,0,498,3943,9092.967
2010/7/19,801.158,192.498,348263.38,3448.8,0,549,6105,6698.6333
2010/7/20,855.824,218.46,347974.53,3698.6,9,550,5178,8526.733
2010/7/21,1064.166,244.246,348077.97,4615,2030,585,6178,8943.1
2010/7/22,1164.446,311.284,347313.28,5041.6,0,2151,5604,11652.434
2010/7/23,1176.158,285.28,345431.4,5073.6,897,2106,8295,8304.634
2010/7/24,921.668,285.854,346027.5,4012,0,2096,3892,9373.134
2010/7/25,1130.41,258.166,346002.44,4850.8,0,3732,7549,7559.1665
2010/7/26,884.15,177.86,346950.2,3828,0,2246,4147,8342.833
2010/7/27,952.36,174.73,345067.34,4070.8,907,523,4042,10400.667
2010/7/28,862.654,182.866,346041,3720.2,801,544,7232,5800.567
2010/7/29,549.104,177.266,346153.72,2433.2,0,537,4158,4456.7334
2010/7/30,551.26,172.854,345670.7,2441,0,534,4087,4566.6665
2010/7/31,554.616,181.73,345140.44,2471,0,548,4272,4423.6
2010/8/1,555.664,184.49,345313.88,2477.6,0,558,4263,4440.0664
2010/8/2,549.482,183.244,346892.2,2449.2,0,536,4191,4431.033
2010/8/3,615.212,177.116,347762.44,2668.4,0,527,4096,5630.533
2010/8/4,543.356,179.432,347613.06,2408,0,532,4116,4407.9336
2010/8/5,533.476,173.68001,348277.53,2353.8,0,517,4013,4361.2666
2010/8/6,524.746,164.584,346972.66,2309.2,0,507,3947,4291.7666
2010/8/7,527.476,168.026,347508.06,2330,0,520,3968,4303.2666
2010/8/8,528.46,168.092,346657.62,2337.8,0,526,3958,4323.6665
2010/8/9,535.064,171.492,347139.75,2359.4001,0,515,4042,4360.7334
2010/8/10,544.758,181.808,348414.72,2397.4001,0,525,4141,4413.3003
2010/8/11,542.002,176.064,346381.72,2407.2,0,542,4118,4373.3667
2010/8/12,529.698,169.098,346744.7,2338.2,0,514,3982,4332.3
2010/8/13,534.294,165.538,347027.28,2353.8,0,508,4097,4299.9
2010/8/14,554.27,160.51,347278.88,2424.2,0,512,4471,4254.8335
2010/8/15,1055.986,206.77,348028.75,4552.4,0,4361,5282,7956.7666
2010/8/16,1129.73,185.016,347150.8,4921.2,1530,463,7328,9507.833
2010/8/17,978.202,138.356,304132.12,4155.4,940,741,5488,9134.367
2010/8/18,0,0,0,0,0,0,0,0
2010/8/19,0,0,0,0,0,0,0,0
2010/8/20,0,0,0,0,0,0,0,0
2010/8/21,0,0,0,0,0,0,0,0
2010/8/22,93.338,24.647999,36885.02,411.4,0,54,300,1201.6333
2010/8/23,765.658,206.796,348545.4,3352.2,0,565,6106,6089.967
2010/8/24,722.948,175.45801,347915.75,3247,0,541,5712,5796.1333
2010/8/25,980.408,161.132,347207.47,4240.6,969,522,8959,5890.1333
2010/8/26,757.252,178.094,348211.88,3312.8,0,538,5078,7004.8667
2010/8/27,2030.65,304.318,346837.62,8631.4,930,7583,12707,12624.167
2010/8/28,1442.856,237.504,349294.84,6165.8,2086,549,12983,8429.6
2010/8/29,1668.48,191.694,347051.44,7110.4,3005,534,13095,11174
2010/8/30,1494.802,180.656,347579.12,6310.8,940,1470,11790,10713.366
2010/8/31,1365.106,168.46,347317.03,5909,2099,1723,7958,10971.767
2010/9/1,1593.318,180.18,347418.5,6756,1947,1194,13990,9424.3
2010/9/2,1392.492,170.312,346958.94,5887.8,929,500,11785,9994.2
2010/9/3,1346.414,168.596,346368.5,5721.8,940,523,9747,11230.233
2010/9/4,1743.84,218.024,347186.8,7449.8,2605,734,13241,12484
2010/9/5,1323.018,187.01,348682.47,5707.8,1609,2732,7471,10238.3
2010/9/6,1422.876,161.204,348252.12,6058,3164,532,10174,9844.6
2010/9/7,1451.854,167.962,347436.22,6202.2,1929,922,11829,9517.566
2010/9/8,1303.812,171.182,347016.97,5575.8,1,495,7478,13756.2
2010/9/9,1238.714,167.954,346468.62,5330.4,1813,2128,7016,9688.233
2010/9/10,1328.108,200.052,348218.22,5647,966,654,10773,9742.134
2010/9/11,1463.31,235.63,348005.88,6209.2,930,1427,8996,13035.5
2010/9/12,1612.092,201.358,347932.4,6848.2,1805,2080,8891,14092.2
2010/9/13,1076.32,189.798,347263.6,4667.2,1301,798,6710,9129.667
2010/9/14,1430.678,197.004,346955.5,6101.8,1874,2705,10270,8995.634
2010/9/15,986.094,219.558,347467.38,4252.6,0,898,6018,9518.9
2010/9/16,1339.738,171.35,346192.94,5665,1038,739,10310,10241.967
2010/9/17,1497.608,196.642,346773.4,6376,1954,5496,9727,7783.1333
2010/9/18,1247.946,161.978,347845.06,5273.8,982,754,11779,7284.1
2010/9/19,919.6,147.406,348064.28,3904.6,0,1307,5156,8863.667
2010/9/20,1682.832,195.214,347750.97,7179.8,3323,766,13262,10696.2
2010/9/21,1111.376,179.714,346922.84,4768.6,0,679,7969,9874.934
2010/9/22,1510.394,188.33,346543.25,6434,2472,1167,11768,9766.233
2010/9/23,1449.862,164.938,346643.28,6088,1021,755,12002,10386.366
2010/9/24,1327.992,185.256,346447.75,5650,1739,773,8666,10955.2
2010/9/25,106.006,28.524,56822.93,458.4,0,150,896,720.76666
2010/9/26,0,0,0,0,0,0,0,0
2010/9/27,0,0,0,0,0,0,0,0
2010/9/28,470.426,25.84,68950.5,1966.6,944,181,902,5813.433
2010/9/29,1684.426,139.41,347361.72,7026,1579,648,13047,12799.767
2010/9/30,1248.278,153.23601,348923.22,5190,0,771,7988,12045.634
2010/10/1,1504.82,157.784,346754.84,6296.6,1752,724,11307,11297.333
2010/10/2,1923.254,166.086,346612.97,8041.4,3972,741,13532,13809.233
2010/10/3,1830.684,202.814,348383.28,7773.8,5000,2564,7738,15209.4
2010/10/4,1775.96,187.584,346494.9,7485,1709,722,8252,18916.334
2010/10/5,1854.624,212.642,345483.38,7807.8,0,3012,12037,15861.4
2010/10/6,1315.456,140.568,347437.8,5494.4,1016,527,8055,12326.267
2010/10/7,1809.954,180.096,347911.53,7614.2,2159,543,12666,14797.9
2010/10/8,1510.456,200.616,347014.38,6384.2,964,710,9927,13573.267
2010/10/9,1611.78,254.02,345885.75,6827,959,1585,13132,11187
2010/10/10,1998.904,327.446,346092.97,8522.2,3325,773,10297,18920.066
2010/10/11,1622.59,268.53,345493.72,6941.4,1007,5006,8734,12296.167
2010/10/12,1579.692,170.268,345975.38,6741.2,1104,780,9812,14632.2
2010/10/13,2073.886,172.644,346751.03,8662.8,1988,611,16593,15372.767
2010/10/14,2135.122,215.944,346900.62,9016,2583,2441,14239,16322.366
2010/10/15,1596.324,201.54,346744.72,6751.2,712,827,10786,14280.4
2010/10/16,1000.014,167.938,348361.2,4228,0,645,7656,8365.9
2010/10/17,1047.382,185.494,348877.2,4412.2,995,666,4681,11114.366
2010/10/18,2713.884,261.184,348215.3,11380.8,2234,10218,16382,16397.4
2010/10/19,1925.978,219.57,348354.4,8140.4,1025,4110,9461,17503.633
2010/10/20,1727.964,162.564,348837.3,7248.4,2154,690,10330,15625.4
2010/10/21,1355.198,181.434,350600.28,5683.4,755,691,6757,14383.634
2010/10/22,1668.892,148.522,349629.4,6887.8,1106,478,12697,13533.866
2010/10/23,2293.236,213.112,348830.7,9633.2,3737,3883,13465,17135.6
2010/10/24,2390.548,269.228,349708.12,10031,1982,7541,13237,17082.467
2010/10/25,1163.292,159.328,349064.88,4884.8,0,541,6748,12099.2
2010/10/26,945.904,173.266,352642.97,3960.6,0,2488,4989,8288.066
2010/10/27,1260.278,153.832,354396.53,5217,0,2058,8269,10677.634
2010/10/28,1463.326,187.24,354605.62,6048.2,1103,2627,9087,11571.767
2010/10/29,1204.422,195.72,353870.06,5057.2,1075,726,3911,14361.7
2010/10/30,2152.7,195.32,350305,8969.8,2353,614,15303,17608.334
2010/10/31,1476.43,208.082,353513.2,6098.6,1430,678,5589,16910.166
2010/11/1,1383.18,187.086,354786.62,5670.2,0,634,8746,13673
2010/11/2,1191.082,186.52,353933.16,4927.4,0,574,5784,13493.366
2010/11/3,1293.298,176.264,351761.1,5413.8,1021,1108,6529,12896.967
2010/11/4,2555.146,252.438,350139.22,10794.4,6029,11193,10286,15077.767
2010/11/5,1736.088,180.498,351036.06,7276.8,0,790,12610,15534.8
2010/11/6,1805.408,193.95801,343339.53,7697,3255,680,9803,16352.134
2010/11/7,1673.816,174.976,343348.53,7151,1026,621,6943,19306.934
2010/11/8,1825.54,145.656,342350,7737.4,1087,555,13038,15745.667
2010/11/9,2022.098,154.67,342414.84,8619.8,2097,583,12500,18521.633
2010/11/10,1946.534,153.472,344282.06,8232,1026,5858,13308,12250.233
2010/11/11,1773.592,152.188,343769.34,7568,3424,2216,6259,17660.867
2010/11/12,1836.822,151.144,343926.56,7826.2,2054,489,10308,17762.7
2010/11/13,2023.174,162.18,344639.16,8524.2,1051,589,13853,18226.566
2010/11/14,2038.392,203.694,344562.9,8686.6,5344,549,8758,19322.2
2010/11/15,1747.382,126.716,344950.9,7381,1075,4222,8918,14908.033
2010/11/16,1509.748,133.598,347324.56,6341.2,0,478,7949,16735.467
2010/11/17,1582.032,141.916,347691.22,6669,1153,491,8915,15808.2
2010/11/18,1652.152,206.196,347064.12,7022.8,2175,489,9449,15422.866
2010/11/19,1570.4,122.928,345667.34,6593,0,483,11914,13776.333
2010/11/20,2197.006,153.768,346476,9320.2,4367,2947,11433,17869.768
2010/11/21,900.91,119.624,347299.47,3798.6,0,506,4778,9731.167
2010/11/22,2041.536,142.354,345883.84,8660.4,4855,2110,10136,16924.6
2010/11/23,1577.536,137.45,346428.75,6731.2,1871,458,7611,16352.267
2010/11/24,1796.248,132.46,345644.6,7559.4,1096,2848,12224,13769.467
2010/11/25,1431.164,116.128,347812.22,6004,1076,426,5072,17278.732
2010/11/26,1488.104,120.826004,303487.56,6259.8,1080,385,9989,13347.733
